
@{{BLOCK(screen2n_bn_gfx)

@=======================================================================
@
@	screen2n_bn_gfx, 256x256@8, 
@	+ palette 256 entries, not compressed
@	+ 467 tiles (t|f reduced) not compressed
@	+ regular map (flat), not compressed, 32x32 
@	Total size: 512 + 29888 + 2048 = 32448
@
@	Time-stamp: 2025-09-03, 06:51:41
@	Exported by Cearn's GBA Image Transmogrifier, v0.9.2
@	( http://www.coranac.com/projects/#grit )
@
@=======================================================================

	.section .rodata
	.align	2
	.global screen2n_bn_gfxTiles		@ 29888 unsigned chars
	.hidden screen2n_bn_gfxTiles
screen2n_bn_gfxTiles:
	.word 0x00000000,0x00000000,0x00000000,0x00000000,0x00000000,0x00000000,0x00000000,0x00000000
	.word 0x00000000,0x00000000,0x00000000,0x00000000,0x00000000,0x00000000,0x00000000,0x00000000
	.word 0x72724040,0x72727272,0x72724040,0x72727272,0x40404040,0x40404040,0x0E0E5B0E,0x40212154
	.word 0x3C3C205B,0x0E0E203C,0x3C20205B,0x2020203C,0x20205B0E,0x3C202020,0x205B0E54,0x20202020
	.word 0x40212140,0x72727272,0x40404072,0x40404040,0x21214040,0x21215454,0x5B5B0E21,0x0E0E5B5B
	.word 0x20205B0E,0x0E5B5B20,0x20202020,0x5B20205B,0x20202020,0x20205B5B,0x20202020,0x20205B20
	.word 0x54214040,0x545B0E0E,0x0E0E0E21,0x21540E0E,0x5B5B5B0E,0x4040540E,0x5B5B5B5B,0x40402154
	.word 0x0E5B5B5B,0x21545421,0x0E5B5B0E,0x21545B5B,0x3C205B5B,0x21542007,0x3C202020,0x21545B3C

	.word 0x72727240,0x72727272,0x72727240,0x72727272,0x40404040,0x40404040,0x40404040,0x40404040
	.word 0x40404040,0x40404040,0x40404040,0x40404040,0x21212121,0x21212121,0x21212121,0x21212121
	.word 0x72727272,0x72727272,0x72727272,0x72727272,0x40404040,0x40404040,0x40404040,0x40404040
	.word 0x40404040,0x40404040,0x54542140,0x40402121,0x5B5B5421,0x2121540E,0x20200E54,0x21540E20
	.word 0x72724040,0x40727272,0x72727272,0x21404072,0x40404040,0x54542140,0x21404040,0x540E0E54
	.word 0x0E544040,0x545B5B5B,0x5B0E2140,0x210E5B5B,0x205B5421,0x21545B20,0x205B5421,0x21545B20
	.word 0x72722121,0x72727272,0x72724021,0x72727272,0x40404040,0x40404040,0x40404040,0x40404040
	.word 0x40404040,0x21404040,0x40404040,0x54214040,0x21212121,0x5B0E2121,0x21212121,0x5B5B5421

	.word 0x72727272,0x72404040,0x72727272,0x40215421,0x40404040,0x40212140,0x40404040,0x54542140
	.word 0x40404021,0x0E5B0E21,0x21215454,0x5B5B5B54,0x0E0E5B5B,0x5B205B0E,0x3C3C205B,0x5B20205B
	.word 0x40727272,0x5B5B0E0E,0x21727272,0x5B5B5B0E,0x54404040,0x0E5B5B5B,0x0E404040,0x540E5B5B
	.word 0x5B542154,0x21540E5B,0x5B0E210E,0x4021545B,0x200E2154,0x21215420,0x5B542154,0x21540E20
	.word 0x72400E0E,0x72727272,0x7240540E,0x72727272,0x72404054,0x40727272,0x40404021,0x21404040
	.word 0x21404040,0x54212121,0x0E212140,0x540E5B5B,0x5B0E5421,0x210E5B5B,0x0E542121,0x210E0E0E
	.word 0x72727272,0x40727272,0x72727272,0x21404072,0x40404040,0x21214040,0x40404021,0x21212140
	.word 0x21214054,0x21212121,0x54212121,0x21212154,0x54542121,0x54215454,0x54542121,0x54545454

	.word 0x40404040,0x40212121,0x40404021,0x40212121,0x21402121,0x40402121,0x40402121,0x40402121
	.word 0x40402121,0x40212121,0x40402121,0x21212121,0x21212154,0x21212121,0x21215454,0x54545421
	.word 0x40407240,0x40212140,0x40404040,0x54542121,0x21404040,0x54545421,0x21404040,0x6F355421
	.word 0x40404040,0x8D8D2F75,0x70404021,0x8D8D8D8D,0x8DED2121,0x71B68D8D,0x8D8DE854,0x4848B08D
	.word 0x72724021,0x54407272,0x35402154,0x0B6F7727,0x8D0BED35,0x8D8D8D8D,0x8D8D8D8D,0xB0428D8D
	.word 0x16B68D8D,0x484848C8,0x48487142,0x48484848,0x48484848,0x48484848,0x48484848,0x48484848
	.word 0x40540E54,0x54214072,0xA60B8D8D,0x7570ED2F,0x8D8D8D8D,0x8D8D8D8D,0x16161616,0x8D8D42B0
	.word 0x48484848,0xC8484848,0x48484848,0x48484848,0x48484848,0x48484848,0x48484848,0x48484848

	.word 0x40215454,0x21212140,0x40212121,0x21212140,0x40A427D1,0x54542140,0x998D8D8D,0x545421A4
	.word 0x8D8DB616,0x5454278D,0x42714848,0x3D2F8D8D,0x48484848,0x0B8DB671,0x48484848,0x8DB04848
	.word 0x72727240,0x40404040,0x40727221,0x40402140,0x40404021,0x40404021,0x21404021,0x40404021
	.word 0x21545454,0x40404021,0x2154540E,0x40404021,0x21212135,0x40212121,0x2121358D,0x21212121
	.word 0x72724040,0x72727272,0x72724040,0x72727272,0x72724040,0x72727272,0x40404040,0x40404040
	.word 0x40404040,0x40404040,0x40404040,0x40404040,0x40404040,0x21212121,0x21212121,0x21212121
	.word 0x72727272,0x0E407272,0x72727272,0x54407272,0x72727272,0x54407272,0x40404040,0x21404040
	.word 0x40404040,0x21404040,0x40402121,0x21404040,0x21215421,0x21404040,0x21545421,0x54212121

	.word 0x540E5B20,0x72724021,0x540E205B,0x72722154,0x0E0E205B,0x7221540E,0x0E0E5B5B,0x40545B0E
	.word 0x0E0E5B0E,0x210E5B0E,0x0E0E5B0E,0x215B205B,0x5B0E0E0E,0x545B2020,0x205B0E0E,0x545B5B20
	.word 0x72727272,0x72727272,0x72727272,0x72727272,0x72727272,0x72727272,0x72727272,0x72727272
	.word 0x40404040,0x40404040,0x40404040,0x40404040,0x40404040,0x40404040,0x21404021,0x40402121
	.word 0x72727272,0x40727272,0x72727272,0x40727272,0x72727272,0x72727272,0x40727272,0x72724040
	.word 0x40404040,0x40402121,0x54404040,0x54540E0E,0x0E214040,0x21545B5B,0x5B542140,0x21545B5B
	.word 0x0E0E0E54,0x72724054,0x21540E54,0x54212121,0x40402140,0x0E544040,0x72404040,0x5B544072
	.word 0x40404040,0x5B544040,0x40404021,0x5B0E2140,0x40404021,0x205B5421,0x21212121,0x205B0E21

	.word 0x540E0E21,0xF2F27240,0x210E0E0E,0x72727272,0x40545B5B,0x72727272,0x40545B5B,0x40407272
	.word 0x215B5B5B,0x21404040,0x203C205B,0x54404021,0x3C57073C,0x54214054,0x07575707,0x5421210E
	.word 0x72F2F2F2,0x0E0E5440,0x72727272,0x0E5B0E21,0x21404040,0x545B5B54,0x5B0E0E21,0x210E2020
	.word 0x3C205B0E,0x4054203C,0x073C205B,0x21545B3C,0x3C070720,0x0E5B5B20,0x203C3C20,0x5B5B5B20
	.word 0x72400E0E,0xF2F2F2F2,0x7240540E,0x72727272,0x40402121,0x72724040,0x21404040,0x40215454
	.word 0x0E214040,0x0E0E5B5B,0x5B0E2140,0x20202020,0x5B5B0E0E,0x3C202020,0x0E5B5B5B,0x5B0E5B5B
	.word 0x72727272,0x544072F2,0x72727272,0x21727272,0x40214072,0x72727272,0x400E0E21,0x72727272
	.word 0x210E0E0E,0x40404040,0x205B545B,0x4040210E,0x573C5B3C,0x40210E3C,0x0707073C,0x40215420

	.word 0x540E0E0E,0xF2F27240,0x21215454,0x72727272,0x72724040,0x40727272,0x40407272,0x21404040
	.word 0x5B544040,0x540E5B20,0x07205440,0x5B3C0707,0x57075B21,0x3C3C0707,0x07072021,0x20203C3C
	.word 0x72727272,0x205B5421,0x72724040,0x5B0E0E40,0x72722121,0x5B0E0E21,0x40724021,0x5B5B0E54
	.word 0x40404021,0x5B5B5B0E,0x0E542154,0x5B5B5B5B,0x3C205B20,0x5B5B5B3C,0x073C205B,0x5B0E5B3C
	.word 0x203C3C3C,0x0E0E0E5B,0x5B202020,0x0E0E0E0E,0x0E5B5B5B,0x0E0E0E0E,0x5B5B5B5B,0x0E5B5B5B
	.word 0x5B5B5B5B,0x0E5B205B,0x205B5B5B,0x0E203C3C,0x3C205B5B,0x0E200707,0x3C5B0E5B,0x54200707
	.word 0x205B540E,0x20202020,0x3C205B3C,0x203C3C3C,0x3C3C3C07,0x3C3C3C3C,0x3C3C073C,0x203C3C3C
	.word 0x3C3C205B,0x5B5B5B20,0x20205B0E,0x0E0E0E5B,0x20205B0E,0x0E0E0E0E,0x205B5B0E,0x5B0E0E5B

	.word 0x2020205B,0x20202020,0x3C3C205B,0x5B203C3C,0x3C3C205B,0x5B203C3C,0x3C3C3C20,0x5B3C3C3C
	.word 0x07073C5B,0x5B3C3C3C,0x07073C5B,0x203C0707,0x0707075B,0x073C0707,0x57070720,0x57570707
	.word 0x5B5B5B20,0x2154540E,0x5454540E,0x54545454,0x54545454,0x54545454,0x54545454,0x54545454
	.word 0x540E0E0E,0x54545454,0x0E0E2020,0x0E0E0E0E,0x0E0E2007,0x0E0E0E0E,0x0E0E5B3C,0x0E0E0E0E
	.word 0x21212121,0x21212121,0x54545454,0x54545454,0x54545454,0x54545454,0x54545454,0x54545454
	.word 0x54545454,0x0E0E5B0E,0x0E0E0E0E,0x20203C5B,0x5B0E0E0E,0x203C3C20,0x200E0E0E,0x5B3C073C
	.word 0x20205B54,0x540E5B20,0x5B205B54,0x5B5B0E5B,0x0E0E0E54,0x200E5454,0x54545454,0x5B545454
	.word 0x54540E0E,0x5B0E5454,0x0E0E0E20,0x200E0E0E,0x0E0E0E5B,0x3C205B0E,0x0E0E0E0E,0x3C3C5B0E

	.word 0x20200E54,0x21540E20,0x2020205B,0x2154540E,0x203C3C3C,0x5454540E,0x203C3C3C,0x5454540E
	.word 0x203C3C3C,0x5454540E,0x3C07073C,0x0E0E0E20,0x07070707,0x0E0E5B20,0x3C070707,0x0E0E0E20
	.word 0x21212121,0x205B0E21,0x21212121,0x20200E54,0x54545454,0x20205B54,0x54545454,0x5B205B54
	.word 0x0E545454,0x5B3C200E,0x5B0E0E54,0x203C3C20,0x3C205B0E,0x3C070707,0x07073C5B,0x07070707
	.word 0x3C073C20,0x20202020,0x07073C20,0x2020203C,0x3C3C205B,0x205B2020,0x5B5B5B0E,0x5B5B5B5B
	.word 0x0E0E0E0E,0x5B202020,0x5B0E0E0E,0x5B202020,0x3C3C203C,0x5B5B203C,0x07070707,0x0E5B5B3C
	.word 0x5B54210E,0x0E5B2020,0x0E540E5B,0x20202020,0x0E540E20,0x3C3C3C20,0x0E540E5B,0x20202020
	.word 0x0E54540E,0x5B0E0E0E,0x0E0E0E0E,0x0E0E0E5B,0x5B5B5B5B,0x0E0E5B20,0x20205B0E,0x0E0E203C

	.word 0x54545454,0x21545454,0x0E0E5B20,0x54545454,0x5B20203C,0x0E0E0E5B,0x5B20203C,0x0E5B5B5B
	.word 0x5B5B5B5B,0x0E5B5B5B,0x0E0E0E0E,0x0E5B5B5B,0x0E0E0E0E,0x0E0E0E0E,0x0E0E0E0E,0x0E0E0E0E
	.word 0x54545421,0x54542121,0x54545454,0x54545454,0x54545454,0x54545454,0x54545454,0x540E0E0E
	.word 0x0E0E0E0E,0x0E0E0E0E,0x5B0E0E0E,0x0E0E5B5B,0x5B5B5B5B,0x5B5B5B5B,0x5B5B5B5B,0x5B205B5B
	.word 0x21215454,0x54545421,0x21545454,0x99545454,0x54545454,0x8D705454,0x54545454,0x8D0B7554
	.word 0x5454540E,0x8D8DED54,0x0E0E0E0E,0x8D8D8DC0,0x0E0E0E5B,0x428D8DE8,0x3D5B5B5B,0x718D8D8D
	.word 0x8D8D8D77,0x48484816,0x168D8D8D,0x48484848,0x48168D8D,0x48484848,0x4848B08D,0x48484848
	.word 0x484848B6,0x48484848,0x48484871,0x48484848,0x48484848,0x48484848,0x48484848,0x48484848

	.word 0x48484848,0x48484848,0x48484848,0x48484848,0x48484848,0x48484848,0x48484848,0x48484848
	.word 0x48484848,0x48484848,0x48484848,0x48484848,0x48484848,0x48484848,0x48484848,0x48484848
	.word 0x48484848,0x16484848,0x48484848,0x48484848,0x48484848,0x48484848,0x48484848,0x48484848
	.word 0x48484848,0x48484848,0x48484848,0x48484848,0x48484848,0x48484848,0x48484848,0x48484848
	.word 0x21358D8D,0x21215454,0xC00B8D16,0x2121540E,0x6F8D1648,0x54540E0E,0x8DB04848,0x54540ED2
	.word 0xB6484848,0x5454C08D,0x71484848,0x0E54E88D,0x48484848,0x0EC08D42,0x48484848,0x0EED8D71
	.word 0x21212121,0x54545454,0x54212121,0x54545454,0x54545421,0x54545454,0x54545454,0x0E0E5454
	.word 0x54545454,0x205B0E54,0x0E0E0E0E,0x20205B0E,0x0E0E0E0E,0x20205B0E,0x0E0E0E0E,0x203C205B

	.word 0x540E5454,0x0E542121,0x0E5B0E54,0x5B545454,0x5B5B5B0E,0x5B0E540E,0x5B205B0E,0x5B0E5454
	.word 0x5B202020,0x5B0E540E,0x20202020,0x5B0E0E0E,0x20202020,0x5B0E5B5B,0x205B2020,0x205B2020
	.word 0x0E0E0E0E,0x540E0E0E,0x21540E5B,0x54545454,0x54540E5B,0x0E545454,0x54540E5B,0x5B5B0E54
	.word 0x540E0E5B,0x5B0E0E54,0x0E5B2020,0x0E5B5B0E,0x5B203C20,0x203C3C5B,0x20203C3C,0x57570720
	.word 0x54212121,0x21212154,0x0E545454,0x2121210E,0x0E5B5B5B,0x21215454,0x0E202020,0x54545454
	.word 0x0E5B205B,0x54545454,0x540E0E0E,0x54545454,0x0E0E0E5B,0x5454540E,0x203C3C3C,0x0E0E0E5B
	.word 0x205B5421,0x21545B20,0x5B0E5421,0x21545B20,0x0E542121,0x21545B5B,0x0E545454,0x54545B20
	.word 0x200E5454,0x54545B3C,0x3C5B0E54,0x54545B3C,0x3C205B0E,0x540E5B3C,0x3C3C3C5B,0x0E0E5B3C

	.word 0x21212121,0x3C5B5421,0x21545421,0x5B0E5421,0x21215454,0x54542121,0x54545454,0x54545454
	.word 0x54545454,0x54545454,0x54545454,0x54545454,0x54545454,0x54545454,0x0E5B0E0E,0x0E0E0E0E
	.word 0x07575757,0x0E21545B,0x07575707,0x5B540E3C,0x3C07075B,0x205B203C,0x3C3C200E,0x203C3C3C
	.word 0x3C3C200E,0x203C3C3C,0x073C200E,0x20070707,0x3C3C3C0E,0x5B3C0707,0x073C3C5B,0x5B3C0707
	.word 0x20202020,0x0E0E5B20,0x5B202020,0x2154540E,0x0E5B2020,0x21212154,0x54540E20,0x54545454
	.word 0x5454545B,0x54545454,0x5454540E,0x54545454,0x5454540E,0x0E545454,0x0E0E0E0E,0x205B0E0E
	.word 0x540E5B5B,0x21210E0E,0x21545454,0x54540E54,0x21212121,0x20202054,0x21212154,0x57573C0E
	.word 0x54545454,0x57573C0E,0x54545454,0x5757200E,0x0E5B5B0E,0x073C200E,0x203C3C20,0x3C3C3C3C

	.word 0x3C3C3C5B,0x21215420,0x3C3C2054,0x21545B3C,0x3C3C3C20,0x540E5B3C,0x3C3C0707,0x5B0E5B20
	.word 0x203C3C07,0x200E540E,0x203C3C3C,0x5B54540E,0x203C3C3C,0x200E545B,0x3C3C0707,0x3C205B20
	.word 0x3C3C0E21,0x545B203C,0x205B5421,0x21545B20,0x20200E54,0x21540E20,0x20202020,0x2154540E
	.word 0x203C3C3C,0x54545454,0x203C3C3C,0x5454540E,0x203C0707,0x5454540E,0x3C070707,0x54540E5B
	.word 0x3C5B5454,0x5B0E0E3C,0x0E542121,0x205B0E0E,0x54542121,0x20200E54,0x0E0E5421,0x20200E54
	.word 0x54545454,0x20205B54,0x54545454,0x5B205B54,0x0E545454,0x5B3C200E,0x5B0E0E54,0x203C3C20
	.word 0x0E0E5B20,0x0E203C20,0x0E5B2020,0x5B203C0E,0x0E202020,0x2020200E,0x0E202020,0x5B20205B
	.word 0x0E0E0E5B,0x0E5B5B0E,0x0E54540E,0x0E5B205B,0x0E545454,0x5B3C3C20,0x205B0E0E,0x203C3C3C

	.word 0x3C205B5B,0x5B5B5B20,0x57073C20,0x205B2007,0x22225757,0x3C203C57,0x57575757,0x3C203C07
	.word 0x57575757,0x3C203C57,0x57575757,0x20203C57,0x22222222,0x3C3C5757,0x57575757,0x3C075757
	.word 0x0707073C,0x3C3C3C3C,0x20070707,0x5B5B5B5B,0x5B3C0757,0x20205B5B,0x203C5757,0x3C205B5B
	.word 0x20075707,0x3C202020,0x07575707,0x203C3C3C,0x57225707,0x07075757,0x22225707,0x22222222
	.word 0x5B5B5B20,0x0E5B2020,0x2020205B,0x5B5B203C,0x0707073C,0x5B5B203C,0x07575707,0x5B5B5B20
	.word 0x3C070707,0x5B5B2020,0x203C3C20,0x20202020,0x3C3C3C3C,0x2020203C,0x57575757,0x20203C07
	.word 0x3C5B5B0E,0x203C0707,0x205B5B5B,0x5B3C073C,0x5B5B5B5B,0x5B3C0720,0x205B5B5B,0x203C073C
	.word 0x20205B5B,0x20075707,0x07202020,0x20075757,0x573C2020,0x20075757,0x2257073C,0x20075722

	.word 0x5B5B5B5B,0x205B5B5B,0x5B205B5B,0x5B5B5B5B,0x5B5B5B5B,0x5B5B5B5B,0x5B5B5B5B,0x5B5B5B5B
	.word 0x5B5B5B5B,0x5B5B5B5B,0x20202020,0x20202020,0x20202020,0x20202020,0x20202020,0x20202020
	.word 0x203C3C3C,0x5B0E5B5B,0x5B20205B,0x5B5B5B5B,0x5B5B5B5B,0x205B5B5B,0x5B5B5B5B,0x073C205B
	.word 0x3C20205B,0x5707073C,0x3C202020,0x57575707,0x20202020,0x3C073C3C,0x20202020,0x203C3C20
	.word 0x07070720,0x3C3C0707,0x0707073C,0x5B203C07,0x3C075707,0x5B5B5B20,0x203C0757,0x5B5B5B5B
	.word 0x20203C07,0x5B5B5B5B,0x2020203C,0x20202020,0x20202020,0x20202020,0x20202020,0x3C3C2020
	.word 0x3C3C3C3C,0x5B5B5B5B,0x5B5B5B5B,0x5B20205B,0x205B5B5B,0x5B203C20,0x3C3C3C20,0x20203C3C
	.word 0x5757573C,0x3C3C203C,0x57575707,0x073C3C07,0x57575707,0x07070757,0x57572257,0x3C075757

	.word 0x3C205B0E,0x0E5B203C,0x3C205B5B,0x5B5B3C3C,0x3C205B5B,0x5B5B3C07,0x3C205B5B,0x3C203C3C
	.word 0x20202020,0x07073C3C,0x20203C07,0x0707073C,0x20203C07,0x57070720,0x20202020,0x57073C20
	.word 0x0E0E0E0E,0x0E0E0E0E,0x5B5B5B5B,0x5B5B5B5B,0x5B5B5B5B,0x5B5B5B5B,0x203C3C3C,0x5B5B5B5B
	.word 0x3C075707,0x20202020,0x07575757,0x203C3C3C,0x07222222,0x3C3C3C3C,0x3C572222,0x3C3C2020
	.word 0x20205B5B,0x20202020,0x2020205B,0x20202020,0x2020205B,0x20202020,0x20202020,0x20202020
	.word 0x20202020,0x20202020,0x20202020,0x20202020,0x3C3C3C3C,0x3C202020,0x3C3C3C3C,0x3C3C3C3C
	.word 0x975B5B20,0x48B68D8D,0x6F5B2020,0x48168D8D,0x8D3D2020,0x48C88D8D,0x8DBB2020,0x48488D8D
	.word 0x8D972020,0x4848428D,0x8DD92020,0x4848B08D,0x8DB83C3C,0x4848168D,0x8D2F3C3C,0x4848168D

	.word 0x48484848,0x0E0BB648,0x48484848,0xBB8D1648,0x48484848,0x998DC848,0x48484848,0x6F8D4848
	.word 0x48484848,0x8D424848,0x48484848,0x8DB04848,0x48484848,0x8D164848,0x48484848,0x8D164848
	.word 0x5B0E0E0E,0x5B20205B,0x5B5B0E0E,0x5B5B5B5B,0x5B5B5B5B,0x5B5B5B5B,0x20205B5B,0x5B5B5B5B
	.word 0x2020205B,0x20202020,0x202020C6,0x20202020,0x202020D0,0x20202020,0x202020D0,0x3C3C3C20
	.word 0x5B5B5B5B,0x205B2020,0x5B5B5B5B,0x5B5B5B5B,0x5B5B5B5B,0x5B5B5B5B,0x5B5B5B5B,0x20202020
	.word 0x20202020,0x20202020,0x20202020,0x20202020,0x20203C20,0x3C3C2020,0x203C3C3C,0x3C3C2020
	.word 0x20202020,0x2257073C,0x205B5B5B,0x5757073C,0x205B5B5B,0x0707073C,0x3C205B5B,0x3C3C3C3C
	.word 0x3C3C2020,0x3C3C3C3C,0x3C3C2020,0x203C0707,0x073C3C3C,0x20070707,0x07073C3C,0x07575757

	.word 0x3C070707,0x200E0E20,0x07070707,0x3C20203C,0x07073C07,0x07070707,0x3C202020,0x07070707
	.word 0x205B5B20,0x5757073C,0x5B5B5B5B,0x5757073C,0x20202020,0x5757573C,0x20202020,0x57575707
	.word 0x0707073C,0x0E0E5B3C,0x07070707,0x20203C07,0x07070707,0x07070707,0x07075757,0x07070707
	.word 0x57575757,0x57575757,0x57575757,0x57575757,0x57575757,0x22575757,0x57575757,0x22225757
	.word 0x20205B0E,0x0E0E0E5B,0x3C202020,0x0E5B203C,0x07070707,0x5B5B3C07,0x57575707,0x20203C57
	.word 0x57575757,0x3C203C57,0x57570757,0x3C203C07,0x57572222,0x3C203C07,0x224D4D4D,0x3C203C57
	.word 0x07073C5B,0x5B3C0707,0x07070720,0x0E5B3C07,0x0707073C,0x0E5B5B20,0x20070707,0x5B5B5B5B
	.word 0x5B3C0757,0x205B5B5B,0x203C5757,0x07205B5B,0x20075757,0x3C202020,0x07222222,0x203C3C3C

	.word 0x0E0E0E0E,0x3C3C5B0E,0x0E0E0E0E,0x073C205B,0x5B5B5B5B,0x3C203C20,0x3C3C205B,0x3C203C07
	.word 0x57575707,0x3C203C07,0x57575757,0x07070757,0x57570707,0x57575757,0x3C3C3C3C,0x5757073C
	.word 0x07070707,0x203C0707,0x07070707,0x5B3C0757,0x57070707,0x20070757,0x07070707,0x203C0707
	.word 0x2020203C,0x203C0720,0x205B5B3C,0x20075707,0x3C20203C,0x07572222,0x5720203C,0x57572222
	.word 0x07073C3C,0x57070707,0x07070720,0x4D225707,0x5707073C,0x22572257,0x22225707,0x22572222
	.word 0x4D4D2207,0x2257224D,0x4D22573C,0x07574D4D,0x22575707,0x203C5722,0x57575757,0x20203C07
	.word 0x07075757,0x0E0E0E20,0x57224D4D,0x0E0E5B3C,0x224D4D4D,0x5B5B2007,0x22224D4D,0x203C0722
	.word 0x57575722,0x07572257,0x57070707,0x224D4D22,0x22070707,0x4D4D0D0D,0x4D225707,0x0D0D5252

	.word 0x3C205B0E,0x07070707,0x07073C5B,0x22570707,0x07070720,0x57570707,0x5707073C,0x07070707
	.word 0x57575757,0x57575757,0x22222222,0x57572222,0x4D4D4D4D,0x57575722,0x574D4D0D,0x3C3C3C07
	.word 0x3C3C3C3C,0x5B203C3C,0x07075722,0x0E5B5B3C,0x3C072222,0x0E0E5B5B,0x20075757,0x5B5B5B5B
	.word 0x3C075757,0x5B5B5B5B,0x07572222,0x5B5B5B20,0x57222222,0x5B5B2007,0x4D4D4D07,0x20200722
	.word 0x3C3C0707,0x3C070707,0x3C3C3C3C,0x3C3C073C,0x3C3C3C3C,0x3C3C3C3C,0x3C3C3C3C,0x3C3C3C3C
	.word 0x07070707,0x07070707,0x07070707,0x07070707,0x57575707,0x07070757,0x22225757,0x57575757
	.word 0x5757573C,0x22222222,0x0707073C,0x22575707,0x3C3C3C3C,0x07073C3C,0x3C3C3C3C,0x073C3C3C
	.word 0x07070707,0x07070707,0x07070707,0x07070707,0x07070707,0x07070707,0x57575757,0x57575757

	.word 0x22222222,0x3C3C0722,0x22222222,0x07075722,0x22222257,0x22222222,0x57070707,0x4D4D2257
	.word 0x07070707,0x4D4D5707,0x07070707,0x4D4D5707,0x07070707,0x4D4D5707,0x57575757,0x0D4D2257
	.word 0x22225707,0x3C075722,0x22222257,0x07572222,0x22222222,0x22222222,0x4D4D4D4D,0x4D4D4D4D
	.word 0x4D4D4D4D,0x4D4D4D4D,0x4D4D4D4D,0x4D4D4D4D,0x4D4D4D4D,0x4D4D4D4D,0x0D0D0D0D,0x4D4D0D0D
	.word 0x3C3C3C3C,0x3C3C3C3C,0x07075757,0x3C075707,0x22222222,0x3C572222,0x4D4D4D4D,0x3C072222
	.word 0x224D4D4D,0x07075722,0x57224D4D,0x07070707,0x0757224D,0x07070707,0x5757574D,0x57070707
	.word 0x3C3C3C3C,0x3C3C3C3C,0x3C3C3C3C,0x3C3C3C3C,0x3C3C3C3C,0x3C3C3C3C,0x3C3C3C3C,0x3C3C3C3C
	.word 0x07070707,0x07070707,0x07075707,0x07070707,0x57222257,0x07070707,0x224D4D57,0x07070757

	.word 0x3C3C3C3C,0x57073C3C,0x3C3C3C3C,0x57073C3C,0x3C3C3C3C,0x073C3C3C,0x3C3C3C3C,0x073C0707
	.word 0x07070707,0x57575757,0x57070707,0x4D4D4D4D,0x57570707,0x4D4D4D22,0x57570707,0x4D225757
	.word 0x224D4D22,0x3C075722,0x0D0D0D4D,0x3C57224D,0x52520D22,0x07220D52,0x52520D57,0x57220D0D
	.word 0x4D0D4D22,0x224D4D4D,0x4D222222,0x4D4D4D4D,0x5757574D,0x0D0D4D4D,0x5757224D,0x1B520D22
	.word 0x3C3C3C20,0x3C3C3C3C,0x3C3C3C3C,0x3C3C3C3C,0x3C3C3C3C,0x3C3C3C3C,0x3C3C3C3C,0x3C3C3C3C
	.word 0x07073C07,0x07070707,0x57075757,0x07575757,0x22224D0D,0x07572222,0x0D0D521B,0x5757224D
	.word 0x3C070707,0x3C3C3C3C,0x3C3C3C3C,0x3C3C3C3C,0x3C3C3C3C,0x3C3C3C3C,0x3C3C3C3C,0x3C3C3C3C
	.word 0x07070707,0x3C3C3C3C,0x07070707,0x07070707,0x57575707,0x07070707,0x22225757,0x07070757

	.word 0x3C3C3C3C,0x3C3C3C3C,0x073C3C3C,0x073C3C07,0x073C3C3C,0x07070707,0x3C3C3C3C,0x57070707
	.word 0x073C3C3C,0x57570707,0x07070707,0x22570707,0x07070707,0x22575707,0x07070707,0x22225757
	.word 0x8D2F3C3C,0x4848168D,0x8DB83C3C,0x4848168D,0x8D740707,0x4848B08D,0x8D970707,0x4848428D
	.word 0x8DBB5757,0x48488D8D,0x8D785722,0x48C88D8D,0x6F575722,0x48168D8D,0x97572222,0x48B68D8D
	.word 0x48484848,0x8D164848,0x48484848,0x8D164848,0x48484848,0x8DB04848,0x48484848,0x8D424848
	.word 0x48484848,0x6F8D4848,0x48484848,0x748DC848,0x48484848,0xBB8D1648,0x48484848,0x570BB648
	.word 0x202020D0,0x0707073C,0x3C3C3CD0,0x07575707,0x3C3C3C55,0x57575757,0x3C3C3C3C,0x07075707
	.word 0x07070707,0x07070707,0x57575757,0x07575757,0x57575757,0x57222257,0x57572222,0x22222257

	.word 0x3C3C3C3C,0x3C202020,0x3C3C3C07,0x3C3C3C3C,0x073C3C07,0x3C3C3C07,0x07070707,0x3C3C0707
	.word 0x07070707,0x3C3C0707,0x07070707,0x07070707,0x57070757,0x07075757,0x07575757,0x57575707
	.word 0x22073C3C,0x07222222,0x2257073C,0x574D4D4D,0x5757073C,0x57222222,0x5757073C,0x57575757
	.word 0x5707073C,0x07575757,0x07070707,0x07075757,0x57570707,0x07075722,0x22225757,0x07075722
	.word 0x3C202020,0x22222207,0x073C3C07,0x22222257,0x22225757,0x22222222,0x22225757,0x07572222
	.word 0x22570707,0x3C075722,0x57070707,0x3C070707,0x07070707,0x07070707,0x57570707,0x07070707
	.word 0x22222222,0x4D222222,0x22222222,0x22222222,0x22222222,0x22222222,0x22570707,0x07222222
	.word 0x07073C3C,0x57222257,0x07073C3C,0x224D2207,0x07070707,0x4D4D2257,0x07070707,0x224D4D57

	.word 0x224D0D0D,0x3C3C0757,0x57574D4D,0x3C075757,0x3C3C0757,0x3C3C073C,0x3C3C0707,0x3C3C3C3C
	.word 0x3C3C3C07,0x3C3C3C3C,0x3C3C0757,0x3C3C073C,0x07070757,0x07070707,0x57070757,0x57070707
	.word 0x22222222,0x57225757,0x22222222,0x4D4D2222,0x57575757,0x0D0D4D22,0x07070707,0x4D225707
	.word 0x3C3C3C3C,0x22575707,0x57070707,0x22222257,0x22222257,0x22225722,0x224D4D4D,0x57070757
	.word 0x3C3C3C07,0x57573C3C,0x5757224D,0x22570757,0x4D4D0D0D,0x2222224D,0x0D0D0D0D,0x4D4D0D0D
	.word 0x0D0D4D22,0x52525252,0x4D225722,0x52520D0D,0x22224D4D,0x520D4D57,0x57224D22,0x0D4D5707
	.word 0x22073C07,0x22222222,0x22225722,0x22222222,0x4D0D0D4D,0x224D4D4D,0x0D52520D,0x4D0D0D0D
	.word 0x52525252,0x0D525252,0x52525252,0x52525252,0x1B1B5252,0x52525252,0x5252520D,0x52525252

	.word 0x3C575757,0x3C20203C,0x3C072222,0x073C3C20,0x3C572222,0x2257073C,0x224D0D4D,0x224D4D57
	.word 0x4D0D520D,0x220D0D4D,0x4D0D0D52,0x4D0D0D4D,0x0D0D5252,0x4D4D4D4D,0x4D0D5252,0x4D4D4D4D
	.word 0x0D4D2207,0x4D4D0D0D,0x0D0D4D22,0x07075722,0x220D4D22,0x3C3C3C07,0x074D4D22,0x3C3C3C3C
	.word 0x07222257,0x3C3C3C3C,0x3C075722,0x3C3C3C3C,0x0757224D,0x3C3C0707,0x07224D4D,0x07070707
	.word 0x3C072222,0x20202020,0x203C3C3C,0x3C202020,0x203C3C3C,0x573C3C20,0x3C3C3C3C,0x57073C3C
	.word 0x3C3C3C3C,0x073C3C3C,0x3C3C3C3C,0x073C0707,0x073C3C3C,0x57572222,0x22070707,0x0D52520D
	.word 0x4D0D4D3C,0x20072222,0x4D0D4D07,0x3C572222,0x4D0D4D22,0x3C57224D,0x4D0D4D22,0x07224D4D
	.word 0x4D0D4D22,0x224D4D4D,0x4D4D2257,0x57224D4D,0x57572257,0x07575757,0x0707220D,0x07070707

	.word 0x2222224D,0x57575757,0x22224D0D,0x5722224D,0x4D224D0D,0x224D4D0D,0x4D0D0D4D,0x22224D4D
	.word 0x4D0D4D22,0x22222222,0x224D4D4D,0x22222222,0x4D4D0D0D,0x224D4D4D,0x0D525252,0x4D4D0D4D
	.word 0x22575757,0x224D4D4D,0x0D225757,0x0D0D0D0D,0x0D4D2257,0x1B520D0D,0x0D4D2222,0x1B1B5252
	.word 0x0D4D2222,0x52520D0D,0x4D222222,0x0D4D4D4D,0x22222222,0x4D222222,0x4D4D4D4D,0x4D4D4D4D
	.word 0x57575757,0x0D0D4D57,0x22224D4D,0x0D0D0D4D,0x0D0D5252,0x0D0D0D0D,0x5252521B,0x0D521B52
	.word 0x0D0D5252,0x0D1B1B52,0x4D4D0D0D,0x5252520D,0x4D4D4D4D,0x52520D4D,0x0D4D4D4D,0x0D0D4D4D
	.word 0x0D0D0D0D,0x4D0D0D0D,0x0D0D0D0D,0x4D0D0D0D,0x0D0D0D0D,0x0D0D0D0D,0x0D0D0D4D,0x0D520D0D
	.word 0x4D52520D,0x0D520D4D,0x4D525252,0x520D4D22,0x4D525252,0x52524D4D,0x4D0D0D0D,0x52520D4D

	.word 0x57575722,0x57575757,0x5757574D,0x57575757,0x5722224D,0x57575757,0x2222224D,0x22222222
	.word 0x2222224D,0x224D4D4D,0x22224D52,0x4D0D4D4D,0x224D0D52,0x4D4D4D4D,0x4D4D4D52,0x4D4D4D4D
	.word 0x4D4D4D22,0x57575757,0x224D4D22,0x57575757,0x57224D22,0x57575757,0x57222222,0x22225757
	.word 0x22222222,0x4D4D2222,0x4D4D2222,0x520D0D4D,0x520D4D4D,0x0D0D0D52,0x5252520D,0x4D4D0D52
	.word 0x57575757,0x4D225757,0x57575757,0x4D225757,0x57575757,0x0D4D5757,0x57572222,0x0D0D2222
	.word 0x2222224D,0x52520D22,0x4D4D0D52,0x52520D0D,0x5252520D,0x0D4D4D0D,0x5252524D,0x4D4D4D4D
	.word 0x57574D0D,0x1B520D22,0x22224D0D,0x1B1B524D,0x4D0D0D0D,0x49491B52,0x520D0D0D,0x4949491B
	.word 0x52525252,0x49491B52,0x52525252,0x52525252,0x52520D0D,0x0D0D5252,0x0D4D4D4D,0x4D4D0D52

	.word 0x0D521B1B,0x22224D4D,0x0D521B1B,0x4D4D4D4D,0x0D1B1B49,0x0D4D0D0D,0x521B1B49,0x520D0D0D
	.word 0x521B1B49,0x1B520D0D,0x0D521B1B,0x1B520D0D,0x0D0D5252,0x1B1B520D,0x0D0D0D4D,0x1B1B1B52
	.word 0x22222257,0x57575757,0x4D4D4D22,0x57575757,0x4D4D0D0D,0x22575722,0x0D0D0D52,0x22222222
	.word 0x0D0D0D52,0x4D4D4D4D,0x0D52521B,0x4D4D4D4D,0x0D521B1B,0x4D4D0D0D,0x0D521B1B,0x4D4D4D0D
	.word 0x57575757,0x22225757,0x22575757,0x22222222,0x22222222,0x57222222,0x22222222,0x22222222
	.word 0x224D4D4D,0x22222222,0x4D4D4D4D,0x4D4D4D4D,0x224D4D4D,0x4D4D4D4D,0x4D4D4D4D,0x4D4D4D4D
	.word 0x78222222,0x718D8D8D,0x22222222,0x428D8DF1,0x57222257,0x8D8D8D6B,0x57575757,0x8D8DEB22
	.word 0x22222222,0x8D0B7822,0x22222222,0x8D412222,0x4D4D4D4D,0xEA4D2222,0x4D4D4D4D,0x0D4D4D4D

	.word 0x48484848,0x48484848,0x48484848,0x48484848,0x48484871,0x48484848,0x484848B6,0x48484848
	.word 0x4848B08D,0x48484848,0x48168D8D,0x48484848,0x168D8D8D,0x48484848,0x8D8D8D05,0x48484816
	.word 0x48484848,0x57748D71,0x48484848,0x576B8D42,0x71484848,0x2222738D,0xB6484848,0x4D4D6B8D
	.word 0x8DB04848,0x222222EA,0x6F8D1648,0x22222222,0x6B0B8D16,0x22222222,0x228E8D8D,0x22222222
	.word 0x57222257,0x22222257,0x22222257,0x22222257,0x22222222,0x22222222,0x2222224D,0x22222222
	.word 0x22224D4D,0x22222222,0x22224D22,0x22222222,0x22222222,0x4D22224D,0x4D222222,0x4D4D4D4D
	.word 0x57222222,0x57575757,0x22222222,0x57575757,0x22222222,0x57575722,0x4D4D4D22,0x57572222
	.word 0x4D4D4D4D,0x22224D4D,0x4D4D0D4D,0x4D4D4D4D,0x0D0D0D4D,0x0D0D0D0D,0x0D0D0D4D,0x0D0D0D0D

	.word 0x22225757,0x07075757,0x57575757,0x57575757,0x57575757,0x57575757,0x57575757,0x57575757
	.word 0x57222222,0x57575757,0x4D4D4D4D,0x22222222,0x0D0D0D0D,0x2222224D,0x0D0D0D0D,0x4D4D0D0D
	.word 0x57570707,0x07070707,0x57575757,0x57575757,0x57575757,0x57575757,0x57575757,0x57575757
	.word 0x57575757,0x22225757,0x22222222,0x0D4D2222,0x22222222,0x520D4D4D,0x4D4D4D4D,0x5252520D
	.word 0x07070707,0x57222257,0x57575757,0x57575757,0x57575757,0x4D4D2257,0x57575757,0x0D0D4D57
	.word 0x57575722,0x0D0D4D57,0x22224D4D,0x4D0D4D22,0x224D0D52,0x224D4D22,0x4D0D5252,0x4D4D4D22
	.word 0x22225707,0x22570757,0x224D2257,0x22575757,0x224D4D0D,0x22575757,0x22224D0D,0x2222224D
	.word 0x4D224D0D,0x224D4D0D,0x4D0D0D4D,0x22224D4D,0x4D0D4D22,0x22222222,0x224D4D4D,0x22222222

	.word 0x224D4D4D,0x57070757,0x224D0D4D,0x57575757,0x22224D4D,0x224D4D4D,0x0D4D2222,0x0D0D0D0D
	.word 0x520D2257,0x52525252,0x1B0D2222,0x1B1B1B1B,0x524D2222,0x52525252,0x4D222222,0x4D4D4D4D
	.word 0x57224D22,0x4D4D5707,0x57575757,0x4D4D2257,0x57575757,0x0D0D4D57,0x2222224D,0x52520D4D
	.word 0x0D0D0D0D,0x1B1B1B52,0x52525252,0x1B1B1B1B,0x52520D0D,0x521B1B52,0x520D4D4D,0x52525252
	.word 0x520D0D0D,0x52525252,0x0D0D0D4D,0x52520D0D,0x0D0D0D0D,0x0D0D0D0D,0x0D0D0D0D,0x0D0D0D0D
	.word 0x0D0D0D52,0x5252520D,0x4D4D4D52,0x5252520D,0x4D4D0D52,0x1B1B524D,0x220D5252,0x491B0D22
	.word 0x22220D52,0x4D4D4D22,0x5757220D,0x4D225757,0x5757574D,0x57575757,0x5757224D,0x57575757
	.word 0x57224D0D,0x57575757,0x22220D52,0x4D222222,0x4D4D0D52,0x0D0D4D4D,0x0D52521B,0x0D525252

	.word 0x57220D4D,0x07070707,0x224D0D4D,0x57070757,0x4D0D0D22,0x57575757,0x224D4D22,0x57575757
	.word 0x57224D22,0x57575757,0x5722224D,0x22225757,0x2222224D,0x4D4D2222,0x4D4D224D,0x520D0D4D
	.word 0x22070707,0x1B1B520D,0x57075757,0x1B520D4D,0x57575757,0x0D4D2257,0x57575757,0x0D225757
	.word 0x57575757,0x0D225757,0x57572222,0x0D0D2222,0x2222224D,0x52520D22,0x4D4D0D52,0x52520D0D
	.word 0x07574D52,0x57570707,0x07570D1B,0x4D225707,0x57570D52,0x0D4D5757,0x57220D0D,0x0D0D2257
	.word 0x4D4D0D0D,0x0D0D0D4D,0x0D0D0D0D,0x52520D0D,0x52525252,0x1B1B5252,0x52525252,0x491B5252
	.word 0x521B1B1B,0x4D4D0D52,0x1B1B1B1B,0x4D4D521B,0x49494949,0x4D0D521B,0x49494949,0x0D521B1B
	.word 0x49494949,0x521B4949,0x49491B1B,0x49494949,0x49491B52,0x49494949,0x49494952,0x49494949

	.word 0x4D4D4D4D,0x4D4D4D4D,0x4D4D4D4D,0x4D4D4D4D,0x4D4D4D4D,0x4D4D4D4D,0x0D0D0D0D,0x0D0D0D0D
	.word 0x52525252,0x0D0D0D0D,0x1B1B4949,0x0D0D5252,0x49494949,0x52521B49,0x49494949,0x1B1B4949
	.word 0x4D4D4D4D,0x4D4D4D4D,0x4D4D4D4D,0x4D4D4D4D,0x4D4D4D4D,0x4D4D4D4D,0x0D0D0D0D,0x0D0D0D0D
	.word 0x0D0D0D0D,0x0D0D0D0D,0x521B1B52,0x52520D0D,0x1B03031B,0x491B5252,0x034A4A49,0x49494949
	.word 0x4D4D4D4D,0x52520D4D,0x4D4D4D4D,0x520D0D4D,0x0D0D0D4D,0x0D52520D,0x52520D0D,0x0D521B1B
	.word 0x1B1B5252,0x0D521B49,0x4949491B,0x0D521B49,0x49494949,0x52521B49,0x03030303,0x52521B49
	.word 0x4D4D4D0D,0x4D4D4D4D,0x4D4D4D0D,0x4D4D4D4D,0x4D4D4D0D,0x0D4D4D4D,0x0D0D0D0D,0x0D0D0D0D
	.word 0x0D0D0D0D,0x52520D0D,0x0D0D0D0D,0x1B1B520D,0x52525252,0x49491B52,0x52525252,0x4903031B

	.word 0x521B520D,0x4D4D4D0D,0x521B520D,0x4D4D4D0D,0x0D52520D,0x4D4D4D0D,0x0D0D0D0D,0x0D0D0D0D
	.word 0x0D0D0D0D,0x0D0D0D0D,0x0D0D5252,0x0D0D0D0D,0x52521B1B,0x0D525252,0x521B4949,0x52525252
	.word 0x52520D4D,0x4D4D4D4D,0x0D0D0D4D,0x4D4D4D4D,0x4D4D4D4D,0x4D4D4D4D,0x0D0D0D0D,0x0D0D0D0D
	.word 0x1B520D0D,0x5252521B,0x491B520D,0x1B1B4949,0x491B5252,0x49494949,0x1B525252,0x49494949
	.word 0x4D4D4D4D,0x4D4D0D52,0x4D4D4D4D,0x4D4D0D0D,0x4D4D4D4D,0x0D4D4D4D,0x0D0D0D0D,0x520D0D0D
	.word 0x0D0D0D52,0x1B1B520D,0x52521B1B,0x491B520D,0x1B1B4949,0x491B5252,0x1B494949,0x1B525252
	.word 0x0D0D4D4D,0x491B1B52,0x0D0D0D4D,0x1B1B520D,0x0D0D0D0D,0x1B520D0D,0x0D525252,0x1B0D0D0D
	.word 0x0D521B1B,0x1B0D0D0D,0x521B4949,0x1B520D0D,0x1B494949,0x031B1B52,0x49494949,0x4A494949

	.word 0x0D521B1B,0x4D4D4D4D,0x0D521B1B,0x4D4D4D4D,0x52521B1B,0x4D4D4D0D,0x521B1B1B,0x0D0D0D0D
	.word 0x1B1B1B49,0x0D0D0D52,0x1B494949,0x0D0D521B,0x49490303,0x5252521B,0x49490303,0x5252521B
	.word 0x4D4D4D4D,0x0D0D4D4D,0x4D4D4D4D,0x0D0D4D4D,0x4D4D4D4D,0x0D0D4D4D,0x4D4D0D0D,0x0D0D0D4D
	.word 0x0D0D0D0D,0x520D0D0D,0x0D0D520D,0x0D0D0D0D,0x52525252,0x52525252,0x521B1B52,0x52525252
	.word 0x4D4D0D0D,0x0D4D4D4D,0x4D0D0D0D,0x0D0D4D4D,0x0D0D0D0D,0x520D0D0D,0x0D0D0D0D,0x520D0D0D
	.word 0x0D525252,0x52520D0D,0x0D525252,0x52520D0D,0x521B5252,0x1B525252,0x1B1B1B52,0x1B1B521B
	.word 0x8D8D730D,0x4848B08D,0x8DEB0D0D,0x71B68D8D,0x9152520D,0x8D8D8D8D,0x52525252,0x8D8D2FA1
	.word 0x52525252,0x6F8E520D,0x0D525252,0x5252520D,0x0D525252,0x5252520D,0x52525252,0x1B1B5252

	.word 0x48484848,0x48484848,0x48484848,0x48484848,0x48487142,0x48484848,0x16B68D8D,0x484848C8
	.word 0x8D8D8D8D,0xB0428D8D,0x8D0BAA89,0x8D8D8D8D,0x89525252,0x0B6F73E9,0x52521B1B,0x52525252
	.word 0x48484848,0x48484848,0x48484848,0x48484848,0x48484848,0x48484848,0x48484848,0xC8484848
	.word 0x16161616,0x8D8D42B0,0x8D8D8D8D,0x8D8D8D8D,0xA60B8D8D,0xE241AA2F,0x1B1B5252,0x52525252
	.word 0x48484848,0x8DB04848,0x48484848,0x0B8DB671,0x42714848,0xE22F8D8D,0x8D8DB616,0x0D0DE98D
	.word 0xEA8D8D8D,0x525252E2,0x0DE2E96F,0x52525252,0x52525252,0x520D5252,0x1B1B5252,0x52525252
	.word 0x4D4D8E8D,0x4D4D4D4D,0x4D0D0D89,0x4D4D4D4D,0x0D52520D,0x4D0D0D0D,0x52525252,0x0D0D0D52
	.word 0x52525252,0x52525252,0x52525252,0x52525252,0x0D525252,0x5252520D,0x52525252,0x52525252

	.word 0x4D4D4D4D,0x4D4D4D4D,0x4D4D4D4D,0x4D4D4D4D,0x0D0D0D0D,0x4D4D4D0D,0x0D0D0D0D,0x0D0D0D0D
	.word 0x0D0D5252,0x0D0D0D0D,0x52525252,0x0D0D0D52,0x52525252,0x0D0D0D0D,0x52525252,0x520D0D52
	.word 0x520D0D0D,0x0D525252,0x520D0D4D,0x0D0D5252,0x0D0D0D4D,0x4D0D0D0D,0x0D0D0D0D,0x0D0D0D0D
	.word 0x0D0D0D0D,0x0D0D0D0D,0x0D0D0D0D,0x0D0D0D0D,0x0D0D0D0D,0x5252520D,0x0D0D5252,0x52525252
	.word 0x520D0D0D,0x0D525252,0x520D0D0D,0x52525252,0x1B0D0D4D,0x1B1B1B1B,0x1B1B520D,0x1B1B1B1B
	.word 0x49491B52,0x1B1B1B1B,0x49491B52,0x5252521B,0x49491B52,0x0D0D5252,0x1B491B52,0x52525252
	.word 0x52520D0D,0x52525252,0x52525252,0x52525252,0x521B1B1B,0x52525252,0x521B1B1B,0x0D0D0D0D
	.word 0x0D52521B,0x0D0D0D0D,0x0D0D0D52,0x0D0D0D0D,0x0D0D0D0D,0x0D0D0D0D,0x0D0D5252,0x0D0D0D0D

	.word 0x0D525252,0x520D4D4D,0x0D525252,0x1B520D4D,0x521B1B52,0x491B0D0D,0x1B1B1B52,0x1B525252
	.word 0x1B1B1B0D,0x52521B1B,0x1B1B1B0D,0x0D521B1B,0x491B520D,0x0D1B4949,0x491B520D,0x521B4949
	.word 0x4D4D0D0D,0x4D4D4D4D,0x5252521B,0x4D0D0D0D,0x1B1B1B1B,0x52521B1B,0x491B1B1B,0x0D521B49
	.word 0x491B1B1B,0x0D0D1B49,0x491B1B52,0x0D521B49,0x49491B0D,0x521B4949,0x49491B52,0x49494949
	.word 0x4D224D22,0x4D4D4D4D,0x4D4D4D4D,0x0D0D4D4D,0x4D4D4D0D,0x52520D4D,0x4D4D4D0D,0x1B52520D
	.word 0x0D4D4D0D,0x5252520D,0x0D0D0D0D,0x0D0D0D0D,0x52525252,0x0D0D0D0D,0x1B1B4949,0x0D0D521B
	.word 0x0D4D4D4D,0x52525252,0x0D0D0D0D,0x52525252,0x5252521B,0x1B1B1B52,0x1B1B1B1B,0x1B1B1B1B
	.word 0x1B525252,0x1B1B1B1B,0x520D0D0D,0x521B1B1B,0x0D0D0D0D,0x0D525252,0x0D0D0D0D,0x1B52520D

	.word 0x4D0D5252,0x1B1B0D22,0x4D0D5252,0x52520D4D,0x4D0D521B,0x0D0D0D4D,0x4D0D1B1B,0x0D0D4D4D
	.word 0x0D52521B,0x4D0D0D0D,0x52520D52,0x0D0D521B,0x520D5252,0x0D521B1B,0x52521B1B,0x521B1B1B
	.word 0x5252521B,0x0D525252,0x0D525252,0x4D4D0D0D,0x4D0D520D,0x4D4D4D4D,0x4D4D4D0D,0x4D4D4D4D
	.word 0x4D4D4D4D,0x4D4D4D4D,0x0D0D0D0D,0x0D0D0D0D,0x52520D0D,0x0D0D0D0D,0x521B1B52,0x0D0D0D0D
	.word 0x520D0D4D,0x0D0D0D52,0x5252520D,0x4D4D0D52,0x521B520D,0x4D4D4D0D,0x521B520D,0x4D4D4D0D
	.word 0x0D52520D,0x4D4D4D0D,0x0D0D0D0D,0x0D0D0D0D,0x0D0D0D0D,0x0D0D0D0D,0x0D0D0D0D,0x0D0D0D0D
	.word 0x5252520D,0x0D4D4D0D,0x5252524D,0x4D4D4D4D,0x52520D4D,0x4D4D4D4D,0x0D0D0D4D,0x4D4D4D4D
	.word 0x4D4D4D4D,0x4D4D4D4D,0x520D0D0D,0x0D0D0D52,0x4949520D,0x52521B49,0x03034952,0x49490303

	.word 0x520D0D0D,0x1B0D0D52,0x0D4D4D4D,0x4D4D0D52,0x4D4D4D4D,0x4D4D0D0D,0x4D4D4D4D,0x4D4D0D0D
	.word 0x4D4D4D4D,0x4D4D4D4D,0x0D0D0D0D,0x520D0D0D,0x0D0D0D52,0x1B1B520D,0x52524949,0x491B1B52
	.word 0x03494952,0x03030303,0x49491B1B,0x49030349,0x1B1B1B1B,0x1B494949,0x1B1B1B1B,0x1B1B1B1B
	.word 0x1B1B1B1B,0x1B1B1B1B,0x49494949,0x49494949,0x49494949,0x49494949,0x49494949,0x03034949
	.word 0x49494949,0x03494949,0x49494949,0x03030303,0x491B1B1B,0x03030303,0x03491B1B,0x03030303
	.word 0x0303491B,0x03034A4A,0x4A034949,0x03034A4A,0x4A034949,0x03034A4A,0x4A034949,0x49034A4A
	.word 0x4A4A4A4A,0x0303034A,0x034A4A4A,0x4A4A4A03,0x03030303,0x194A0303,0x03030303,0x19034949
	.word 0x49030303,0x19034949,0x49494949,0x194A4949,0x49494949,0x4A4A0349,0x49494949,0x4A4A4A03

	.word 0x4A4A4A03,0x52521B49,0x4A4A194A,0x52521B49,0x034A1919,0x1B1B4903,0x034A1919,0x1B490303
	.word 0x4A4A1919,0x49030303,0x4A4A4A4A,0x03034A4A,0x4A4A4A4A,0x034A4A4A,0x4A4A4A4A,0x4A4A4A4A
	.word 0x52525252,0x03030349,0x1B1B5252,0x034A4A03,0x491B1B1B,0x4A19194A,0x491B1B1B,0x034A194A
	.word 0x03491B1B,0x494A194A,0x03034949,0x494A1919,0x4A4A0303,0x4A191919,0x4A4A4A4A,0x19191919
	.word 0x521B4949,0x52525252,0x521B4903,0x1B1B5252,0x1B1B4903,0x491B1B1B,0x491B1B49,0x03030349
	.word 0x03491B1B,0x49034A03,0x03034949,0x49034A4A,0x4A4A4A4A,0x0303034A,0x4A4A1919,0x49494903
	.word 0x52525252,0x4949491B,0x1B491B49,0x0303491B,0x49030303,0x03034949,0x03030303,0x03030303
	.word 0x03490349,0x03030303,0x03494949,0x03030303,0x4A030349,0x49490303,0x4A4A0303,0x49494903

	.word 0x1B494949,0x1B525252,0x1B490303,0x52525252,0x49030303,0x1B1B1B1B,0x49030303,0x1B1B1B1B
	.word 0x49030303,0x49494949,0x49494949,0x03034A03,0x49494949,0x4A191903,0x49494949,0x19471903
	.word 0x49490349,0x4A034949,0x4903031B,0x03491B49,0x4903031B,0x03491B1B,0x49030349,0x0303491B
	.word 0x49030303,0x03034949,0x49030303,0x03034949,0x034A4A4A,0x4A034949,0x4A191919,0x4A034903
	.word 0x49490303,0x5252521B,0x49490303,0x5252521B,0x1B494903,0x1B1B1B1B,0x1B1B4903,0x491B1B1B
	.word 0x1B1B1B49,0x0349491B,0x1B1B1B49,0x03030349,0x49494903,0x03034949,0x4903034A,0x49494949
	.word 0x1B1B1B1B,0x52521B1B,0x1B1B1B52,0x1B1B1B1B,0x1B1B1B1B,0x4949491B,0x1B491B1B,0x4949491B
	.word 0x1B494903,0x49494949,0x49490303,0x49494949,0x49490303,0x49494949,0x49494949,0x49494949

	.word 0x1B1B1B52,0x1B1B1B1B,0x1B1B1B1B,0x1B1B1B1B,0x1B1B4949,0x1B1B1B1B,0x49494949,0x491B1B1B
	.word 0x49494949,0x49491B49,0x03494949,0x49494949,0x03034949,0x49494903,0x03034949,0x49490303
	.word 0x52525252,0x1B1B1B52,0x5252521B,0x1B1B1B1B,0x1B1B1B1B,0x1B1B1B1B,0x49494949,0x1B1B1B1B
	.word 0x49494949,0x49494949,0x49494949,0x49494949,0x49494949,0x49494949,0x49494949,0x49494949
	.word 0x521B1B1B,0x52525252,0x521B1B1B,0x1B525252,0x521B1B1B,0x1B1B5252,0x1B1B1B1B,0x491B1B1B
	.word 0x1B494949,0x49491B1B,0x49494949,0x49494949,0x49030349,0x03034949,0x03030349,0x03030303
	.word 0x1B1B1B1B,0x1B1B1B1B,0x4949491B,0x1B1B1B1B,0x4949491B,0x1B1B1B49,0x49034949,0x1B1B1B49
	.word 0x49030349,0x1B494949,0x49030303,0x49494949,0x03030303,0x49494949,0x03030303,0x49494903

	.word 0x1B1B1B1B,0x5252521B,0x1B1B1B1B,0x5252521B,0x1B1B1B1B,0x52525252,0x1B1B1B1B,0x1B1B1B1B
	.word 0x1B1B1B1B,0x1B1B1B1B,0x1B1B1B1B,0x1B1B1B1B,0x49494949,0x1B1B4949,0x03494949,0x49494949
	.word 0x52525252,0x52525252,0x1B1B1B1B,0x521B1B52,0x1B1B1B1B,0x52521B1B,0x1B1B1B1B,0x1B1B1B1B
	.word 0x1B49491B,0x1B1B1B1B,0x1B49491B,0x491B1B1B,0x49494949,0x491B1B49,0x49494949,0x49494949
	.word 0x52525252,0x52525252,0x52525252,0x52525252,0x52525252,0x52525252,0x1B1B1B1B,0x1B1B1B1B
	.word 0x1B1B1B1B,0x491B1B1B,0x1B1B1B49,0x03494949,0x1B1B4949,0x03030349,0x49494949,0x03034949
	.word 0x52525252,0x521B5252,0x52525252,0x521B5252,0x52525252,0x52525252,0x1B1B1B1B,0x1B1B1B1B
	.word 0x49494949,0x1B1B1B1B,0x03030303,0x1B1B1B49,0x03030303,0x1B1B4903,0x034A4A4A,0x49494903

	.word 0x1B1B1B52,0x1B525252,0x1B1B5252,0x1B525252,0x521B5252,0x491B5252,0x1B1B1B1B,0x49491B1B
	.word 0x1B1B1B1B,0x0349491B,0x1B1B1B1B,0x49491B1B,0x1B1B1B1B,0x491B1B1B,0x49494949,0x49494949
	.word 0x52525252,0x52525252,0x5252521B,0x52525252,0x52521B49,0x521B1B1B,0x1B1B1B49,0x49494949
	.word 0x1B1B4903,0x03030303,0x1B1B4949,0x03030349,0x1B1B4949,0x03034949,0x49494949,0x49494949
	.word 0x491B5252,0x1B494949,0x491B5252,0x1B494949,0x1B1B5252,0x521B1B1B,0x52521B1B,0x52525252
	.word 0x1B1B4903,0x1B1B1B1B,0x1B1B4903,0x1B1B1B1B,0x1B1B4903,0x1B1B1B1B,0x49494949,0x1B1B1B49
	.word 0x4949491B,0x49494949,0x0303491B,0x49030303,0x4A03491B,0x034A4A4A,0x03491B52,0x034A4A4A
	.word 0x1B1B1B1B,0x49490349,0x1B1B1B1B,0x1B1B1B1B,0x1B1B1B1B,0x49491B1B,0x49491B1B,0x03030303

	.word 0x49494949,0x52521B49,0x03030349,0x1B494903,0x03030303,0x03030303,0x4A034949,0x03034A4A
	.word 0x03491B1B,0x034A4A4A,0x03491B1B,0x4A4A4A4A,0x4A03491B,0x03034A4A,0x03034949,0x49030303
	.word 0x52525252,0x491B5252,0x52525252,0x0349491B,0x49494949,0x03030349,0x03030303,0x03030303
	.word 0x03030303,0x03030303,0x03030303,0x49494949,0x49030303,0x1B1B1B49,0x49494949,0x1B1B1B1B
	.word 0x52490303,0x1B1B1B1B,0x1B490303,0x5252521B,0x49490303,0x5252521B,0x03030303,0x52521B49
	.word 0x03030303,0x1B1B4903,0x03034949,0x1B490303,0x0303491B,0x4903034A,0x4A03491B,0x034A4A4A
	.word 0x521B491B,0x0D0D0D52,0x52521B1B,0x52525252,0x52525252,0x52525252,0x1B1B5252,0x1B494949
	.word 0x491B1B1B,0x03030303,0x03491B1B,0x0303034A,0x4A034949,0x03034A4A,0x4A4A0349,0x49034A4A

	.word 0x0D0D0D0D,0x0D0D0D0D,0x52525252,0x52525252,0x52525252,0x52525252,0x52521B1B,0x1B1B5252
	.word 0x1B1B4903,0x491B1B1B,0x1B1B1B03,0x0349491B,0x1B1B1B49,0x4949491B,0x1B1B1B1B,0x1B1B1B1B
	.word 0x4A4A4952,0x4949034A,0x03491B52,0x49490303,0x1B525252,0x4949491B,0x1B491B1B,0x0303491B
	.word 0x49030303,0x03034949,0x03030303,0x03030303,0x49494949,0x03030303,0x49494949,0x03030349
	.word 0x49030303,0x1B1B4903,0x4A030303,0x1B1B034A,0x03030303,0x521B034A,0x49030303,0x521B4949
	.word 0x49030303,0x1B1B1B1B,0x49030303,0x1B1B1B1B,0x49030303,0x49494949,0x49494949,0x03030303
	.word 0x03034949,0x03030303,0x4A030303,0x0303034A,0x4A191919,0x03030303,0x4A191919,0x03030303
	.word 0x4A4A1919,0x03030303,0x4A4A4A4A,0x4A4A4A4A,0x4A4A4A4A,0x4A4A4A4A,0x19194747,0x4A4A4A19

	.word 0x4A4A0303,0x49034A4A,0x4A4A0303,0x03034A4A,0x4A030303,0x03034A4A,0x4A030303,0x03034A19
	.word 0x194A0303,0x034A1919,0x19194A4A,0x4A4A1919,0x4719194A,0x4A4A1947,0x47471919,0x4A4A1947
	.word 0x49030349,0x03030349,0x03030303,0x03030303,0x03030303,0x03030303,0x03030303,0x4A194A4A
	.word 0x03030303,0x1919194A,0x4A4A4A4A,0x1919194A,0x4A4A4A4A,0x19194A4A,0x4A4A4A4A,0x4A4A4A4A
	.word 0x4A034A4A,0x4A4A4A4A,0x4A030303,0x19194A4A,0x03030303,0x194A4A4A,0x034A4A4A,0x47194A03
	.word 0x4A191919,0x47191919,0x19191919,0x19191919,0x4A191919,0x4A4A194A,0x4A4A194A,0x4A4A4A4A
	.word 0x19191919,0x4A4A1919,0x4A191919,0x0303034A,0x4A4A1919,0x03030303,0x034A4A19,0x03030303
	.word 0x03034A19,0x03030303,0x4A4A4A4A,0x4A4A4A4A,0x4A4A4A4A,0x4A4A4A4A,0x4A4A4A4A,0x47191919

	.word 0x034A1919,0x49494903,0x034A4A03,0x034A4A4A,0x4A4A0303,0x4A191919,0x4A030303,0x19191919
	.word 0x4A030303,0x19191919,0x4A4A4A4A,0x19191919,0x4A4A4A4A,0x4A191919,0x19474747,0x4A4A4A19
	.word 0x4A4A0349,0x4949034A,0x194A0303,0x0303034A,0x19194A4A,0x03034A19,0x19191919,0x034A4A19
	.word 0x19191919,0x4A4A4A19,0x4A4A1919,0x4A4A4A4A,0x4A4A4A4A,0x194A4A4A,0x4A4A4A4A,0x19194A4A
	.word 0x49494949,0x19191903,0x03030303,0x4A4A4A4A,0x03030303,0x03034A4A,0x03034A4A,0x03030303
	.word 0x034A1919,0x03030303,0x4A4A4719,0x4A4A4A4A,0x4A194747,0x4A4A4A4A,0x4A191947,0x4A4A4A4A
	.word 0x4A471919,0x4A034903,0x4A194A4A,0x4A030303,0x4A030303,0x4A030303,0x03030303,0x4A030303
	.word 0x03030303,0x19194A03,0x03030303,0x1919194A,0x4A4A4A4A,0x1919194A,0x4A4A4A4A,0x19194A4A

	.word 0x4A4A4A4A,0x03030303,0x4A4A4A4A,0x4A4A4A4A,0x4A4A4A4A,0x19191919,0x4A4A4A4A,0x19194A4A
	.word 0x034A4A19,0x194A4A4A,0x4A4A1919,0x4A4A4A4A,0x4A4A1919,0x19191919,0x4A4A1919,0x47474719
	.word 0x49494903,0x49494949,0x03034A4A,0x03494949,0x034A1919,0x4A030303,0x4A191919,0x4A4A4A4A
	.word 0x19191919,0x19191919,0x194A1919,0x4A4A4A19,0x4A4A1919,0x4A4A4A4A,0x4A194747,0x4A4A4A4A
	.word 0x03030349,0x49490303,0x03030303,0x49494903,0x4A4A4A4A,0x03030303,0x4A4A4A4A,0x4A4A034A
	.word 0x4A194A4A,0x4A4A4A4A,0x194A4A4A,0x19191919,0x194A4A4A,0x19474719,0x4A4A4A4A,0x47474719
	.word 0x49494949,0x49494949,0x49494949,0x49494949,0x03030303,0x03030303,0x03030303,0x03030303
	.word 0x4A4A4A4A,0x0303034A,0x19191919,0x034A4A4A,0x19191919,0x4A4A1919,0x19194747,0x19191919

	.word 0x03034949,0x03030303,0x03494949,0x03030303,0x03030303,0x03030303,0x03030303,0x4A4A4A03
	.word 0x03030303,0x4A4A4A4A,0x4A4A0303,0x194A4A4A,0x194A4A4A,0x19191919,0x19191919,0x19191919
	.word 0x03030303,0x03030303,0x03030303,0x03030303,0x4A4A4A4A,0x4A4A4A4A,0x194A4A4A,0x4A4A1919
	.word 0x47191919,0x4A191947,0x47474719,0x19194747,0x47474747,0x4A4A1947,0x19474719,0x4A4A4A19
	.word 0x03030303,0x49494949,0x03030303,0x49494949,0x03030303,0x03030303,0x034A4A4A,0x03030303
	.word 0x4A4A4A4A,0x4A030303,0x4A4A4A4A,0x4A4A0303,0x4A4A4A4A,0x4A4A4A4A,0x4A4A4A4A,0x194A4A4A
	.word 0x49494949,0x03034949,0x49494949,0x03034949,0x03030303,0x03030303,0x03030303,0x03030303
	.word 0x03034A4A,0x03030303,0x034A4A4A,0x03030303,0x4A4A4A19,0x4A4A4A4A,0x1919194A,0x194A4A19

	.word 0x49494903,0x4A034949,0x03030303,0x03030303,0x4A4A0303,0x034A4A4A,0x4A4A4A03,0x034A194A
	.word 0x4A030303,0x4A19194A,0x03030303,0x4A19194A,0x4A4A4A4A,0x1919194A,0x4A4A4A19,0x47471919
	.word 0x0303034A,0x49494949,0x49494903,0x49494949,0x49494949,0x03034949,0x03030303,0x4A4A4A03
	.word 0x03030303,0x1919194A,0x4A030303,0x1919194A,0x4A4A4A4A,0x19191919,0x19191919,0x19191919
	.word 0x49494949,0x49494949,0x03494949,0x49494949,0x4A4A0303,0x03490303,0x4A194A4A,0x4A03034A
	.word 0x4A191919,0x4A030303,0x4A4A1919,0x4A030303,0x034A1919,0x194A4A03,0x4A4A1919,0x1919194A
	.word 0x49494949,0x49494949,0x49494949,0x49494949,0x49494903,0x49494949,0x0303034A,0x03030303
	.word 0x03034A19,0x03030303,0x034A1919,0x4A4A0303,0x4A4A1919,0x1919194A,0x4A4A1919,0x19474719

	.word 0x49494949,0x49494949,0x49494949,0x03034949,0x49494949,0x4A4A0349,0x03030303,0x194A0303
	.word 0x03030303,0x4A030303,0x0303034A,0x4A030303,0x4A4A4A19,0x4A030303,0x194A1919,0x4A4A4A4A
	.word 0x03034949,0x4A4A4A4A,0x4A034903,0x034A4A4A,0x0303034A,0x03034A4A,0x034A4A19,0x03030303
	.word 0x034A1919,0x03030303,0x034A4A4A,0x03030303,0x034A4A4A,0x03030303,0x4A4A4A4A,0x4A4A4A4A
	.word 0x03494903,0x49494903,0x03494903,0x49494949,0x49494949,0x49494949,0x03030303,0x03030303
	.word 0x03030303,0x03030303,0x03030303,0x03030303,0x03030303,0x03030303,0x4A4A4A4A,0x4A4A4A4A
	.word 0x49494949,0x49494949,0x49494949,0x49494949,0x49494949,0x03494949,0x03030303,0x03030303
	.word 0x03030303,0x03030303,0x03030303,0x4A194A03,0x4A030303,0x4747194A,0x4A4A4A4A,0x0C474719

	.word 0x4A4A0349,0x034A194A,0x19194A03,0x4A194719,0x4719194A,0x4A474747,0x19194A4A,0x19194747
	.word 0x194A0303,0x19191919,0x194A4A4A,0x19191919,0x19194747,0x19191919,0x19194747,0x19191919
	.word 0x4A4A0349,0x49034A19,0x19190303,0x034A1919,0x19194A4A,0x034A1919,0x4A4A4A4A,0x03034A4A
	.word 0x0303034A,0x03030303,0x0303034A,0x03030303,0x03034A19,0x03030303,0x4A4A4A19,0x4A4A4A4A
	.word 0x49494949,0x49494949,0x49030303,0x49494949,0x034A4A03,0x034A4A03,0x19194A03,0x4A191919
	.word 0x47194A03,0x19474747,0x194A0303,0x19474747,0x4A4A0303,0x19191919,0x4A4A4A4A,0x19191919
	.word 0x49494949,0x49494949,0x49494949,0x49490303,0x03494949,0x03034A4A,0x4A034903,0x034A1919
	.word 0x194A4A4A,0x4A191919,0x19191919,0x4A4A1919,0x47191919,0x034A4A19,0x19191919,0x03034A4A

	.word 0x49494949,0x4A4A4A03,0x49494949,0x1919194A,0x03030303,0x1919194A,0x03030303,0x4A19194A
	.word 0x4A030303,0x4A4A1919,0x194A4A4A,0x034A1919,0x19194A4A,0x034A1919,0x19194A4A,0x034A1919
	.word 0x47474747,0x19191919,0x47474747,0x47471947,0x0C474747,0x0C0C470C,0x47474747,0x0C0C0C0C
	.word 0x47471919,0x0C0C0C47,0x47474747,0x0C0C0C47,0x47474747,0x0C0C0C47,0x47474747,0x4C4C0C0C
	.word 0x47474747,0x19191947,0x47474747,0x47474747,0x0C0C0C0C,0x0C0C0C0C,0x0C0C0C0C,0x0C0C0C0C
	.word 0x0C0C0C0C,0x0C0C0C0C,0x0C0C0C0C,0x0C0C0C0C,0x0C4C4C4C,0x0C0C0C0C,0x4C4C4C4C,0x0C4C4C4C
	.word 0x19191919,0x19191919,0x47194747,0x19194747,0x0C470C0C,0x1919470C,0x0C0C0C0C,0x1919470C
	.word 0x470C0C0C,0x47474747,0x47470C0C,0x47474747,0x4747470C,0x47474747,0x4747470C,0x0C474747

	.word 0x19191919,0x4A4A4A19,0x19191919,0x19191919,0x19191919,0x47191919,0x19191919,0x47191919
	.word 0x47474747,0x47474747,0x47474747,0x47474747,0x47470C0C,0x47474747,0x0C0C0C4C,0x47474747
	.word 0x194A4A19,0x47474747,0x19191947,0x0C0C4747,0x4747470C,0x0C474747,0x470C0C0C,0x47474747
	.word 0x0C0C0C0C,0x47474747,0x0C0C0C47,0x0C0C0C0C,0x0C0C4747,0x0C0C0C0C,0x0C474747,0x4C4C0C0C
	.word 0x47474747,0x4A191947,0x0C0C0C0C,0x19194747,0x0C0C0C0C,0x1919470C,0x0C0C0C0C,0x19194747
	.word 0x47474747,0x47471947,0x47474747,0x0C474747,0x47474747,0x4C4C0C47,0x4747470C,0x174C0C0C
	.word 0x4A4A4A4A,0x19194A4A,0x19191919,0x19191919,0x19191919,0x19191919,0x19191919,0x47471919
	.word 0x47474747,0x0C0C4747,0x0C470C0C,0x0C0C0C0C,0x0C0C4C4C,0x0C0C0C0C,0x0C4C4C17,0x0C0C0C0C

	.word 0x4A191919,0x4A4A4A4A,0x19191919,0x19191919,0x47191919,0x4747470C,0x0C474747,0x470C0C0C
	.word 0x0C0C0C0C,0x0C0C0C0C,0x0C470C0C,0x0C0C0C0C,0x0C0C0C4C,0x4747470C,0x0C0C0C0C,0x47470C0C
	.word 0x4A191919,0x4A4A4A4A,0x19191947,0x19191919,0x19194747,0x19191919,0x47474747,0x19191919
	.word 0x0C0C4747,0x47194747,0x4747470C,0x47474747,0x4747470C,0x47474747,0x47474747,0x47474747
	.word 0x4A4A4A4A,0x47474719,0x19191919,0x47471919,0x47474719,0x19191947,0x0C0C4747,0x1919470C
	.word 0x0C0C0C47,0x1947470C,0x0C0C0C0C,0x4747470C,0x0C0C0C47,0x47474747,0x470C0C0C,0x47474747
	.word 0x4A194747,0x4A4A4A4A,0x19191919,0x19191919,0x19191919,0x19471919,0x19191919,0x19474719
	.word 0x47471919,0x19474747,0x0C474747,0x4747470C,0x0C0C0C47,0x4747470C,0x0C0C0C0C,0x4747470C

	.word 0x4A4A4A4A,0x19191919,0x19191919,0x19191919,0x19191919,0x19191919,0x19191919,0x19191919
	.word 0x19191919,0x19191919,0x47474747,0x47474747,0x47474747,0x47474747,0x47474747,0x0C0C0C47
	.word 0x47474719,0x19191947,0x47471919,0x47191919,0x19191919,0x47191919,0x19191919,0x47191919
	.word 0x19191919,0x47471919,0x47474747,0x47474747,0x47474747,0x47474747,0x47474747,0x47474747
	.word 0x19191919,0x19191919,0x19474747,0x4A4A1919,0x19194747,0x19191919,0x19194747,0x19191919
	.word 0x19474747,0x19191919,0x47474747,0x47474747,0x47474747,0x47474747,0x0C0C4747,0x47470C0C
	.word 0x4A191919,0x4A4A4A4A,0x4A4A4A4A,0x4A4A4A4A,0x19191919,0x19191919,0x19191919,0x19191919
	.word 0x19191919,0x19191919,0x19191919,0x19191919,0x47474747,0x47474747,0x47474747,0x47474747

	.word 0x4A4A4A4A,0x19194A4A,0x4A4A4A4A,0x4719194A,0x19191919,0x47191919,0x19191919,0x47191919
	.word 0x19191919,0x47191919,0x19191919,0x47191919,0x47474747,0x47474747,0x47474747,0x47474747
	.word 0x47471919,0x194A4A19,0x47474747,0x19191919,0x47474747,0x47474747,0x0C0C0C47,0x0C0C4747
	.word 0x470C0C47,0x0C0C4747,0x470C0C47,0x0C0C0C47,0x0C0C0C47,0x470C0C0C,0x0C4C0C47,0x470C0C0C
	.word 0x194A1919,0x47474719,0x19194747,0x47474747,0x47474747,0x47474747,0x47470C0C,0x47474747
	.word 0x19470C0C,0x47191919,0x19470C0C,0x19191919,0x47474747,0x47474747,0x47474747,0x0C0C4747
	.word 0x47474747,0x47474747,0x47474747,0x47474747,0x47474747,0x47474747,0x470C4747,0x47474747
	.word 0x47474747,0x47471919,0x47474719,0x0C474747,0x47474747,0x0C0C0C47,0x4747470C,0x0C0C0C0C

	.word 0x19191947,0x19191919,0x47474747,0x19474747,0x47474747,0x47474747,0x0C0C4747,0x4747470C
	.word 0x0C0C0C0C,0x0C0C0C0C,0x0C0C0C0C,0x0C0C0C0C,0x47470C0C,0x0C0C0C47,0x47470C0C,0x47474747
	.word 0x4A4A1947,0x47474719,0x4A4A1919,0x1919194A,0x19191947,0x19191919,0x19191947,0x19191919
	.word 0x1919470C,0x19191919,0x1919470C,0x19191919,0x1919470C,0x19191919,0x47474747,0x47474747
	.word 0x19191919,0x19191919,0x194A4A19,0x47474747,0x19194A19,0x47474747,0x19191919,0x47474747
	.word 0x19191919,0x19191919,0x19191919,0x19191919,0x19191919,0x19191919,0x47474747,0x47474747
	.word 0x4A4A4A19,0x4A4A4A4A,0x4A4A1947,0x4A4A4A4A,0x19191947,0x19191919,0x19191919,0x19191919
	.word 0x19191919,0x19194719,0x19191919,0x19194747,0x47474747,0x19194747,0x0C0C0C47,0x47474747

	.word 0x194A4A4A,0x4A4A4A19,0x194A4A4A,0x4A194747,0x19191919,0x19474747,0x47471919,0x19474747
	.word 0x47474719,0x47474747,0x47474719,0x470C0C0C,0x47474719,0x0C0C0C0C,0x47474747,0x0C0C0C0C
	.word 0x194A4A4A,0x47474747,0x47194A4A,0x19474747,0x47194A4A,0x19194747,0x19191919,0x19194747
	.word 0x19191919,0x19474719,0x19191947,0x47474747,0x4747470C,0x470C0C47,0x47470C0C,0x470C0C0C
	.word 0x19191947,0x47474719,0x19191919,0x47474747,0x47194A4A,0x0C474747,0x0C471919,0x4747470C
	.word 0x0C471919,0x47470C0C,0x4C0C4719,0x4747470C,0x0C0C4747,0x4719470C,0x0C0C4747,0x47474747
	.word 0x4A4A1919,0x4A4A4A4A,0x4A4A1947,0x19191919,0x194A1947,0x47474747,0x19191947,0x470C0C47
	.word 0x47474747,0x470C0C47,0x0C0C0C0C,0x0C0C0C0C,0x4C4C0C0C,0x0C0C0C0C,0x0C0C0C47,0x47470C0C

	.word 0x4A4A4A4A,0x19191919,0x4A4A1919,0x4719194A,0x4A4A1947,0x4747194A,0x19191947,0x0C0C4719
	.word 0x19191919,0x0C0C4719,0x19191947,0x47474719,0x19194747,0x19471919,0x47194747,0x47474747
	.word 0x4A191919,0x4A4A4A4A,0x4A194747,0x4A4A4A4A,0x4A194747,0x4A4A4A4A,0x1919470C,0x19191919
	.word 0x19194747,0x19191919,0x19191947,0x19191919,0x19191947,0x19191919,0x19474747,0x19194747
	.word 0x19194A4A,0x4A4A1919,0x4747194A,0x4A191947,0x47474719,0x4A194747,0x47474747,0x19194747
	.word 0x19191919,0x19191947,0x19191919,0x19191919,0x19191919,0x19191919,0x19191919,0x19191947
	.word 0x0C0C0C0C,0x4C4C4C0C,0x4C0C0C0C,0x4C4C4C4C,0x4C4C4C4C,0x4C4C4C4C,0x174C4C4C,0x4C4C4C17
	.word 0x174C4C4C,0x4C4C4C4C,0x4C4C4C4C,0x4C4C4C4C,0x4C4C4C4C,0x4C4C4C4C,0x4C4C4C4C,0x4C4C4C17

	.word 0x4C4C4C4C,0x0C4C4C4C,0x4C4C4C4C,0x4C4C4C4C,0x4C4C4C4C,0x4C4C4C4C,0x4C4C4C4C,0x4C4C1717
	.word 0x4C4C4C4C,0x4C17174C,0x4C4C4C4C,0x1717174C,0x4C4C4C4C,0x1717174C,0x4C4C4C4C,0x17171717
	.word 0x0C0C0C0C,0x0C0C0C0C,0x0C0C0C0C,0x0C0C0C0C,0x0C0C0C4C,0x0C0C0C0C,0x0C0C4C4C,0x0C0C0C0C
	.word 0x4C4C4C4C,0x4C4C4C4C,0x4C4C4C4C,0x4C4C4C4C,0x4C4C4C4C,0x4C4C4C4C,0x4C4C4C4C,0x174C4C4C
	.word 0x0C4C4C4C,0x0C0C0C0C,0x0C4C4C4C,0x0C0C0C0C,0x0C0C4C4C,0x0C0C0C0C,0x0C0C0C4C,0x0C0C4C0C
	.word 0x4C4C4C4C,0x4C4C4C4C,0x4C4C4C4C,0x1717174C,0x17174C4C,0x174C4C4C,0x17171717,0x174C4C17
	.word 0x0C0C0C0C,0x4C4C0C0C,0x0C0C0C0C,0x4C4C0C0C,0x0C0C0C0C,0x4C4C4C0C,0x0C0C0C0C,0x17174C4C
	.word 0x4C4C4C4C,0x1717174C,0x4C4C4C4C,0x17171717,0x4C171717,0x174C4C4C,0x17171717,0x174C4C4C

	.word 0x0C0C0C0C,0x17174C0C,0x0C0C0C4C,0x17174C4C,0x4C4C4C4C,0x17174C4C,0x4C4C4C17,0x17174C4C
	.word 0x17171717,0x17171717,0x17171717,0x17171717,0x17171717,0x174C4C17,0x17171717,0x174C4C17
	.word 0x0C4C4C17,0x0C0C0C0C,0x0C4C1717,0x0C0C0C0C,0x4C4C1717,0x4C4C0C0C,0x17171717,0x4C4C4C4C
	.word 0x17171717,0x4C171717,0x17171717,0x17171717,0x17171717,0x17171717,0x4C4C1717,0x4C4C4C4C
	.word 0x0C4C4C0C,0x0C0C4C0C,0x0C4C4C4C,0x4C4C4C4C,0x0C4C4C4C,0x4C4C4C4C,0x4C4C4C4C,0x4C4C4C4C
	.word 0x4C4C4C4C,0x4C4C4C4C,0x4C4C4C17,0x4C4C4C4C,0x4C4C4C17,0x4C4C4C4C,0x4C4C4C4C,0x4C4C4C4C
	.word 0x0C0C0C0C,0x0C0C0C0C,0x0C0C0C4C,0x4C0C0C0C,0x0C0C4C4C,0x4C0C0C0C,0x0C4C4C4C,0x4C4C0C0C
	.word 0x4C4C4C4C,0x4C4C0C0C,0x4C171717,0x4C4C4C4C,0x17171717,0x4C171717,0x17171717,0x17171717

	.word 0x0C0C0C4C,0x0C47470C,0x0C4C4C4C,0x0C0C0C0C,0x0C4C4C4C,0x0C0C0C0C,0xD75C4C4C,0x4C4C4C0C
	.word 0x5CE35C4C,0x17174C4C,0x0CE3E30C,0x17174C4C,0x5CDDE34C,0x17174C4C,0x4C854C17,0x4C4C4C4C
	.word 0x4C4C4C0C,0x4747470C,0x4C4C4C4C,0x0C0C470C,0x0C4C4C4C,0x0C0C0C0C,0x0C0C4C4C,0x0C0C0C0C
	.word 0x0C5C4C17,0x0C0C0C0C,0x4C4C4C17,0x5C0C4C4C,0x4C4C4C17,0xE34C4C4C,0x5C5C5C4C,0x93DD5CC7
	.word 0x47474747,0x0C4C0C0C,0x0C0C0C0C,0x4C4C4C4C,0x0C0C0C0C,0x4C4C4C4C,0x4C0C0C0C,0xAF4C4C4C
	.word 0x4C4C0C0C,0x855C4C4C,0x4C4C4C0C,0xDD5C4C4C,0x4C4C5CDD,0xE34C4C4C,0x5C5C5CC7,0xE34C4C4C
	.word 0x47470C0C,0x0C474747,0x0C0C0C4C,0x4C0C0C0C,0x0C4C4C4C,0x4C0C0C0C,0x4C4C4C17,0x4C0C0C0C
	.word 0x171717AF,0x4C4C4C4C,0x5817AFDD,0x4C4C1717,0x58CBC793,0x17171758,0xCBAF930A,0x17171717

	.word 0x0C0C0C0C,0x47470C0C,0x0C4C4C4C,0x0C0C0C0C,0x0C0C4C4C,0x0C0C0C0C,0x0C0C4C4C,0x0C4C4C4C
	.word 0x4C4C4C4C,0x0C4C4C17,0x17174C4C,0x4C4C1717,0x17171717,0x4C171717,0x17171717,0x17171717
	.word 0x47474747,0x47474747,0x0C0C0C0C,0x0C0C0C0C,0x0C0C0C0C,0x0C0C0C0C,0x0C0C0C0C,0x0C0C0C0C
	.word 0x0C0C0C0C,0x0C0C0C0C,0x4C4C4C4C,0x4C4C4C4C,0x4C4C4C4C,0x4C4C4C4C,0x4C4C4C17,0x4C4C4C4C
	.word 0x47474747,0x47474747,0x0C0C0C0C,0x0C0C0C0C,0x0C0C0C0C,0x0C0C0C0C,0x0C0C0C0C,0x0C0C0C0C
	.word 0x0C0C0C0C,0x0C0C0C0C,0x0C0C0C0C,0x4C4C0C0C,0x5CD75C4C,0x4C4C4C0C,0xE3E3E35C,0x17174C5C
	.word 0x4C4C0C0C,0x470C0C0C,0x4C4C0C0C,0x0C0C0C0C,0x0C0C0C0C,0x0C0C0C0C,0x0C0C0C0C,0x0C0C0C0C
	.word 0x0C0C0C0C,0x0C0C0C0C,0x0C0C0C0C,0x0C0C0C0C,0x4C4C4C4C,0x4C4C4C4C,0x4C4C4C4C,0x4C4C4C4C

	.word 0x47474747,0x4C0C0C0C,0x0C0C0C0C,0x4C4C4C0C,0x0C0C0C0C,0x4C4C4C4C,0x0C0C0C0C,0x4C4C4C4C
	.word 0x0C0C0C0C,0x4C4C4C0C,0x0C0C0C0C,0x4C4C4C0C,0x4C4C4C4C,0x4C4C4C4C,0x4C4C4C4C,0x4C4C4C4C
	.word 0x47470C0C,0x4C4C4C0C,0x0C0C0C4C,0x4C4C4C0C,0x0C0C0C4C,0x4C4C4C0C,0x0C4C4C4C,0x4C4C4C0C
	.word 0x4C4C174C,0x4C4C0C0C,0x4C4C4C4C,0x4C4C4C4C,0x4C4C4C4C,0x4C4C4C4C,0x5C5C4C4C,0x4C4C4C4C
	.word 0x4747470C,0x47474747,0x470C0C0C,0x47474747,0x0C0C0C4C,0x0C0C0C0C,0x0C0C4C4C,0xD75C0C0C
	.word 0x5C4C4C4C,0xD7E3E3DD,0x5C4C4C4C,0x5CDDC7DD,0x4C4C4C17,0x4C5CE35C,0x4C4C4C4C,0x4C4C4C4C
	.word 0x47474747,0x47474747,0x4747F6D7,0x0C474747,0x0C0C4747,0x4C0C0C0C,0x0C0CD7D7,0x4C4C0C0C
	.word 0x0C0CD7D7,0x4C4C0C0C,0x0C0C0C0C,0x4C4C0C0C,0x4C4C4C4C,0x4C4C4C4C,0x4C4C4C4C,0x4C4C4C4C

	.word 0x47474747,0x47474747,0x4747470C,0x0C474747,0x0C0C0C4C,0x4C0C0C0C,0x0C4C4C4C,0x4C0C0C0C
	.word 0x0C4C4C4C,0x4C0C0C0C,0x0C0C0C0C,0x4C0C0C0C,0x0C4C0C0C,0x4C0C5C5C,0x5C4C4C4C,0x4C4C5C5C
	.word 0x0C0C0C0C,0x4747470C,0x0C4C4C4C,0x47474747,0xD75C4C4C,0xD7D7D7D7,0xD7D70C4C,0xD7D7D7D7
	.word 0xD7D70C4C,0xD75CD7D7,0xD7D70C0C,0x0C0C0CD7,0x5C5C0C4C,0x4C0C0C0C,0x4C4C4C4C,0x4C4C4C4C
	.word 0x47474747,0x0C0C0C0C,0x47474747,0x0C0C4C0C,0x0C474747,0x0C0C0C0C,0x0C0CD7D7,0x0C0C0C0C
	.word 0x0C0C0C0C,0x0C0C0C0C,0x0C0C0C0C,0x0C0C0C0C,0x4C4C4C4C,0x4C4C4C4C,0x4C4C4C4C,0x4C4C4C4C
	.word 0x0C0C0C0C,0x470C0C0C,0x0C0C0C0C,0x470C0C0C,0x0C0C0C0C,0x470C0C0C,0x0C0C0C0C,0x4747470C
	.word 0x0C0C0C0C,0x0C0C0C0C,0x0C0C0C0C,0x0C0C0C0C,0x4C4C4C4C,0x0C4C0C0C,0x4C4C4C4C,0x4C4C4C4C

	.word 0x0C0C4747,0x4747470C,0x0C474747,0x4747470C,0x47474747,0x0C0C0C0C,0x0C0C0C0C,0x0C0C0C0C
	.word 0x0C0C0C0C,0x0C0C0C0C,0x0C0C0C0C,0x0C0C0C0C,0x4C0C0C0C,0x0C0C0C0C,0x4C4C4C4C,0x4C4C4C4C
	.word 0x47474747,0x47474747,0x47474747,0x47474747,0x47474747,0x47470C47,0x0C0C0C0C,0x0C0C0C0C
	.word 0x0C0C0C0C,0x0C0C0C0C,0x0C0C0C0C,0x0C0C0C0C,0x0C0C0C0C,0x0C0C0C0C,0x0C0C0C4C,0x4C4C4C0C
	.word 0x47474747,0x47474747,0x47474747,0x47474747,0x47474747,0x47474747,0x0C0C470C,0x0C0C0C0C
	.word 0x0C0C0C0C,0x0C0C0C0C,0x0C0C0C0C,0x0C0C0C0C,0x0C0C0C0C,0x0C4C0C0C,0x4C4C4C4C,0x4C4C0C0C
	.word 0x47474747,0x47474747,0x47474747,0x47474747,0x470C0C47,0x47474747,0x470C0C0C,0x0C474747
	.word 0x0C0C0C0C,0x0C0C0C0C,0x0C0C0C0C,0x0C0C0C0C,0x0C0C0C0C,0x0C0C0C0C,0x0C0C0C0C,0x4C4C4C4C

	.word 0x47474747,0x19474747,0x47474747,0x47474747,0x47474747,0x47474747,0x0C0C0C0C,0x0C0C0C0C
	.word 0x0C0C0C0C,0x0C0C0C0C,0x0C0C0C0C,0x0C0C0C0C,0x0C0C0C0C,0x0C0C0C0C,0x4C0C4C4C,0x4C4C4C4C
	.word 0x17171717,0x17171717,0x17171717,0x17171717,0x17171717,0x17171717,0x17CBCB17,0x17171717
	.word 0x58171758,0x17CBCB58,0x5858CB1D,0xCBCBCB58,0x58CB83C7,0xCBCBCB58,0x58C33683,0xCBC37A06
	.word 0x17171717,0x17171717,0x17171717,0x17171717,0x17171717,0x17171717,0x17581717,0x17171717
	.word 0x58581717,0xCB171717,0x58585858,0xCBCB5858,0xCB7ACBCB,0xCB7A587A,0x7A585858,0x567ACB56
	.word 0x17171717,0x17171717,0x17171717,0x17171717,0x17171717,0x17171717,0x17171717,0x17581717
	.word 0x171717CB,0x58585858,0xCBCBCBCB,0x58585817,0xCBCBCBCB,0xCBCB5858,0x580658CB,0x7ACB56CB

	.word 0x17171717,0x17171717,0x17171717,0x17171717,0x17171717,0x17171717,0x17171717,0x17171717
	.word 0x17171758,0x58585858,0x58585817,0x58585858,0x58585858,0x58585858,0x5858587A,0x58585806
	.word 0x17171717,0x17171717,0x17171717,0x17171717,0x17171717,0x17171717,0x17171717,0x17581717
	.word 0x17585858,0x58581717,0x58585858,0x58581717,0x58585858,0x58585858,0x06060658,0x58585858
	.word 0x17171717,0x17171717,0x17171717,0x17171717,0x17171717,0x17171717,0x17171717,0x17171717
	.word 0x58585858,0x58171758,0x58585858,0x58171758,0x58585858,0x58CBCB58,0x58585858,0x587A7A7A
	.word 0x17174C17,0x17174C4C,0x17171717,0x17171717,0x17171717,0x17171717,0x17171717,0x17171717
	.word 0x17585858,0x17171717,0x17585858,0x58CBCBCB,0x58CB5858,0x58CBCB58,0x587ACB58,0xCBCB7A58

	.word 0x17171717,0x174C1717,0x17171717,0x17171717,0x17171717,0x17171717,0x17171717,0x58171717
	.word 0x58585858,0x58581717,0x58CBCB58,0x58585858,0x58CBCBCB,0x58585858,0x0658587A,0x58585806
	.word 0x17171717,0x17171717,0x58171717,0x58585858,0x58CBCB58,0x58585858,0x58175858,0x58585858
	.word 0x58585858,0x58585858,0x58585858,0x58585858,0x58585858,0x58585858,0x58585858,0x06585858
	.word 0x17171717,0x17171717,0x17175858,0x17171717,0x58585858,0x17175817,0x58585858,0x58585858
	.word 0x58585858,0x58585858,0x58585858,0xCB585858,0x06060658,0x7A585858,0x06060606,0x06060606
	.word 0x8585C7AF,0xE50A85DD,0x17AF85AF,0x17AF1717,0x17C76517,0x17585858,0x17C3C358,0xD5CB5858
	.word 0x58585858,0xBC1D5858,0x585858CB,0xCB585858,0x58CB5656,0x58585858,0x5858CB58,0x58585858

	.word 0xAF4C1785,0xDD4C4C17,0x175C6517,0xAFAF4C17,0x17658E64,0xAFAF1717,0xAFCBE5BC,0xAFAFC3C7
	.word 0x65581764,0xAFCB658E,0x58585858,0xCB1717C3,0x58060606,0xCB585858,0xE5560606,0xCB58581D
	.word 0xC793E1BC,0x17171785,0xE18E8EBC,0x1717AFC7,0xCDE593E5,0x171785E1,0xCDC38565,0xDD1765CD
	.word 0xE1C3C3AF,0x93CB58D5,0xCBCBCBCB,0xC7585858,0x58CBCBCB,0xCBC78358,0x587ACBCB,0xBC41D5CB
	.word 0x17171717,0x174C1717,0x17171717,0xC7854C17,0x17850AE5,0xE5E58517,0x93CD91E1,0xC385CB17
	.word 0xDED697CD,0x585858C7,0x97D299CD,0x585865CD,0x4199D693,0x58CBE5E1,0x651C1C93,0x5858C358
	.word 0x4C8585AF,0x4C4C4C4C,0x17C79393,0xAF17174C,0xCB64BC4B,0xAF17AF65,0xD5CD4BD5,0x5858C3D5
	.word 0x414B1D58,0x58581DBC,0xBC7A06CB,0x8364CD97,0x56061DC3,0x4B97D241,0x06581D58,0xCDD29783

	.word 0xAF85DD85,0x1717175C,0x171785AF,0x171717AF,0x65C365AF,0x17CBC3C7,0xC765C358,0x5817CB85
	.word 0xCB56CB7A,0x58171717,0x5858C364,0xCBCB1758,0x5858CB64,0xC3C3C3C3,0x56587A83,0x8383C764
	.word 0x4C4C4C17,0x4C4C4C4C,0x17171717,0x4C4C4C17,0x17175858,0x17AFAF4C,0x17175858,0x1717AFAF
	.word 0xCB171758,0x17176565,0x17CB65C3,0xC765E1E5,0x581DD5C7,0x93AFE583,0x7AE13065,0xCB585858
	.word 0x4C4C4C4C,0x4C4C4C4C,0x17174C4C,0xAF4C1717,0x17171717,0xDD854C17,0x17171717,0xC7858517
	.word 0x65C7C7CB,0x17AF65C7,0x8E8EBCE5,0x85E1E1E1,0xE1418EE1,0x919791CD,0xE1E564C7,0x97D297CD
	.word 0x5CE35CAF,0x4C4C4C4C,0x4C85DD85,0x17171717,0x4CAFC793,0x17171717,0xE185AFE5,0x17AFAFC7
	.word 0x41BC65CB,0xE5E1E5BC,0xE1CD4185,0x9141D50A,0x5865E141,0xDEE1CBCB,0x585865D5,0xC3175858

	.word 0x4C5C4C4C,0x4C4C4C4C,0xDDE5DD17,0x1717174C,0xBCE18517,0x17171793,0xE10A65AF,0x171717E5
	.word 0xAFC7CD8E,0x17171717,0x58CBBC91,0x17175858,0x585817E5,0x58585858,0x58585858,0x58CBE5C7
	.word 0x4C4C4C4C,0x4C4C4C5C,0x4C171717,0x4C4C4C4C,0x17171717,0xAFAF4C17,0x17171717,0xAFAF1717
	.word 0x17171717,0x17171717,0x58581717,0x17175858,0x58585858,0x17585858,0x58585858,0x58585858
	.word 0x5C4C4C4C,0x4C4C4C5C,0xAF4C4C4C,0xAF4CAF5C,0x4C174CAF,0x855C5C85,0x17174CAF,0x858585AF
	.word 0x17AF1717,0x8585AF17,0xAF65C3CB,0xCBC3AF17,0x17AF65C3,0x58581717,0x585817CB,0x58585858
	.word 0x4C4C4C4C,0x4C4C4C4C,0x174C4CAF,0x4C4C1717,0x174CAF5C,0x17171717,0x1717AF85,0x17171717
	.word 0x171717C3,0x17171717,0x17585817,0x17171717,0x58585858,0x58585858,0x5858CBCB,0x58585858

	.word 0x4C4C4C4C,0x4C4C4C4C,0x4C4C4C4C,0x4C4C4C4C,0x17171717,0x17171717,0x17171717,0x17171717
	.word 0x17171717,0x17171717,0x17171717,0xAF171717,0x17175858,0xCBCB5858,0x58585858,0xCB175858
	.word 0x4C4C4C4C,0x4C4C4C4C,0x4C4C4C4C,0x4C4C4C4C,0x17174C4C,0x17171717,0x17171717,0x17174C17
	.word 0x171717AF,0x17171717,0x1717CBAF,0x1717CB17,0x5817CBCB,0x58CBAF17,0x5858CBCB,0x5858CB17
	.word 0x4C4C4C4C,0x4C4C4C4C,0x4C4C174C,0x4C4C4C4C,0x17171717,0x17174C4C,0xAFAF1717,0x1717174C
	.word 0xCB171717,0x171717CB,0x17171717,0x17171717,0x17585858,0x58585858,0x17585858,0x58585858
	.word 0x4C4C4C4C,0x4C4C4C4C,0x4C4C4C4C,0x4C4C4C4C,0x174C4C4C,0x4C4C4C17,0x17171717,0x17171717
	.word 0x17171717,0x17171717,0x1717CB17,0x17171717,0x17CBCB17,0x58585858,0x58585858,0x58585858

	.word 0x4C4C4C4C,0x4C4C4C4C,0x4C4C4C4C,0x4C4C4C4C,0x17171717,0x4C4C1717,0x17171717,0x4C171717
	.word 0x17171717,0x17171717,0x17171717,0x17171717,0x17175858,0x58585817,0x58175858,0x58585858
	.word 0x4C0C4C0C,0x4C4C4C4C,0x4C4C4C4C,0x4C4C4C4C,0xAF4C4C4C,0x4C4C4C4C,0x4C4C4CAF,0x174C4C4C
	.word 0x17171717,0x17171717,0x17171717,0x17171717,0x17175858,0x5817CBCB,0xCBCB5858,0x585817CB
	.word 0x4C4C4C4C,0x4C4C4C4C,0x4C4C4C4C,0x4C4C4C4C,0x1717174C,0x17171717,0x17171717,0x17171717
	.word 0x17171717,0x17171717,0x17171717,0x17171717,0x58171717,0x17175858,0x58581717,0x17175858
	.word 0x7A565606,0xCB565806,0x7A7A0606,0x561DA356,0x7A7A2806,0x1DB91D7A,0x060628A5,0xB9B9B97A
	.word 0x2868A57A,0x363636B9,0x28282806,0x3636DCA3,0x82822828,0x28826868,0x51FEFEA3,0x51282851

	.word 0x7A060606,0x56565656,0x7A06067A,0x7A565656,0x565656A3,0x067A56A5,0xA3A31DB9,0x682856A3
	.word 0xA3B9B9B9,0x68687AA3,0xA3B9B936,0x686828A5,0xFEFEA551,0x822851A5,0x51515151,0x68828228
	.word 0x7A06067A,0x065856C3,0x06060606,0x0606067A,0x06060606,0x06060606,0x68680668,0x28060606
	.word 0x68686868,0xA5282828,0x28282868,0x28282828,0x28826868,0x28282828,0x68686868,0x82826868
	.word 0x06060658,0x58060606,0x06060606,0x06060606,0x06060606,0x06060606,0x6806067A,0x7A282806
	.word 0x6828A528,0x28280606,0x7AA52828,0x0606287A,0x28282828,0x28282828,0x51512882,0x5151A551
	.word 0x06060658,0x06065858,0x06060606,0x06060606,0x06060606,0x06060606,0x06060606,0x06280606
	.word 0x06282828,0x68066868,0x06066868,0x68686868,0x68688228,0x28282828,0x28285151,0x51515151

	.word 0x7A580606,0x06587A7A,0x7A060606,0x0606587A,0x7A280606,0x06067A7A,0x7A286806,0x7A7A7A7A
	.word 0x7A7A2868,0x7A7A7A28,0x7A282868,0xA57A2828,0x28282828,0xA5A5A551,0x28285151,0xA5515128
	.word 0x06065806,0xCBCB7A58,0x06065806,0x567A7A7A,0x06067A7A,0x56567A06,0x06680606,0x56A50668
	.word 0x06686828,0xA3286868,0x2828A5A5,0x28686806,0xFEFEFEFE,0x282851A5,0xFEFEFEA5,0x2851A5FE
	.word 0x0606067A,0x06060606,0x06065856,0x06060606,0x0606067A,0x06060606,0x06066868,0x56680606
	.word 0x286828A3,0x56686828,0x28A5A3A3,0x06686868,0x28282828,0x28686868,0x68688228,0x82826868
	.word 0x06060606,0x06060606,0x06060606,0x58060606,0x06060606,0x7A060606,0x68065683,0x06066868
	.word 0x0668A336,0x68686806,0xA5287AA5,0x6806A5A3,0xFEA5A5A5,0x51A5FEFE,0x51512828,0x28515151

	.word 0x06060606,0x06060606,0x06060606,0xD5DA5806,0x0606067A,0x97915606,0x06561DA5,0x97DA0668
	.word 0xA5308328,0xCE286868,0xA5A52868,0x282828A5,0x68680628,0x68686868,0x68828228,0x68686868
	.word 0x58580606,0x58585858,0x06060606,0x06060606,0x0606061D,0x06060606,0x06687ADA,0x06060606
	.word 0x680636DE,0x06060606,0x28A3CEB9,0x68686868,0x28282868,0x68686882,0xB9FE5128,0xE0E0B2B2
	.word 0xCD1D0606,0x58585836,0x56060606,0x0606067A,0x68680606,0x06060668,0x68060606,0x06060606
	.word 0x06060606,0x28282806,0x28280668,0xFE765151,0x79518268,0x8C5A0FC4,0x436DBD5A,0x74EB8114
	.word 0x06060658,0x1CD66406,0x06060606,0xDEDE3058,0x06060606,0xDA303058,0x06060606,0x56560606
	.word 0x06282828,0x06060606,0xA3A3A3A3,0xA3A3A3A3,0x4B4B8B8B,0x4B4B4B4B,0xD2D2D2D9,0x99D2D2D2

	.word 0x06918099,0x06834B7A,0x0656411C,0x06364136,0xA50656DA,0x6806A3A3,0x30A30628,0x06067AB9
	.word 0xCEA30606,0xA5A5A3CE,0xB2B9A3A3,0x36B2308C,0xABABDFDF,0xABE791E7,0xBFBFBF45,0x1C1C1C1C
	.word 0xDACEDA7A,0x414BE197,0xBF97CD1D,0x4BCD9790,0xD64BE5A5,0x91CDDE1C,0x1D643606,0x4BDA4BDE
	.word 0xAB91BC7A,0x1DA3411C,0xD6AB3036,0xABDED699,0xD2DE91AB,0x90FF901C,0x80BFBF1C,0xC1C1FF90
	.word 0x567A56E5,0x1D838383,0x7A06CB64,0x561D56A5,0x060658E5,0x7A7A067A,0xB98306B9,0x0606567A
	.word 0xD21CCE56,0xB9368BAB,0xBFD6DFCD,0x91D68090,0x80C58080,0x1FC11F90,0xC1C1C1C1,0x9D5959C1
	.word 0x7A8383C3,0x06060606,0x0606067A,0x0606067A,0xCEA30606,0x06687A30,0xDFDFA506,0xA56806B9
	.word 0xCD3056A3,0xDFA57A36,0xBCDABCAB,0x91DFABAB,0x451C8090,0x1C459999,0x1FC15959,0x1F1FFF1F

	.word 0xE17A0658,0xD5DED2DE,0xAB1D0606,0x83CDBCDE,0xBC305606,0x561D7A36,0xDA3036CE,0x7A835683
	.word 0x308BDFD2,0xA53030DA,0x30DFD6D2,0x563630CE,0x4445D31C,0xB28CDFE4,0xD4F45DFF,0xBDE7EAA0
	.word 0x58585858,0x06CB641D,0x1D060658,0x06E51CDE,0xBC830606,0x0656ABDE,0x41971D06,0x645656DA
	.word 0x30BC5668,0x9930B9B9,0x28280628,0x36A50628,0x2828A5DC,0x68686868,0xA5A336E0,0x68282828
	.word 0xCB060606,0x5864D6BC,0x06060606,0x64CDBC1D,0x06060606,0xCEBC1D06,0x567A067A,0x06560606
	.word 0x30060636,0x06065630,0x567AA336,0x28A330DA,0xA5A52806,0xB9B9B9A3,0xA3A52828,0x3030B2B9
	.word 0x58C3C37A,0xCB585858,0xCB646456,0x061DC306,0x8364B97A,0x1DCE30B9,0x1DA50606,0xCECEE564
	.word 0x7A066868,0xB936361D,0x68686806,0x56B9A328,0x287AA5A3,0xA57A2828,0xDC36B230,0x2828A5FE

	.word 0x06065858,0x58585858,0x06060606,0xC3580606,0x067A561D,0x64560606,0x061D6464,0x36641D7A
	.word 0x7A7AA3B9,0x7AB936B9,0xB9A52828,0xA51DB9B9,0xA5A57A7A,0xA5A5A5A5,0x28282828,0x68680628
	.word 0x58585656,0x58585858,0x06581D83,0x06060606,0x06068364,0x06060606,0x067A6464,0x06060606
	.word 0x067A36A3,0x06060606,0x0606287A,0x06060606,0x2828287A,0x68060606,0x68686868,0x68686868
	.word 0x58585858,0x58585858,0x06060606,0x06060606,0x06060606,0x06060606,0x06060606,0x7A067A7A
	.word 0x06060606,0x56565656,0x68686806,0xA57A2806,0x68686868,0x68686868,0x68686868,0x68686868
	.word 0x58585858,0x58585858,0x58060606,0x5858587A,0x58060606,0x580658CB,0x7A067A7A,0x0606067A
	.word 0x7A067A56,0x06067AA5,0x0606287A,0xA5A5A528,0x06060606,0x7A280606,0x28282806,0x28282828

	.word 0xCB585858,0x58585858,0xCB585806,0x567A58C3,0xCB7A5806,0x567A0656,0x7A7A0606,0x0606067A
	.word 0x7A280606,0x06060606,0x7A287A7A,0x06060628,0x287AA57A,0x06282828,0x7AA5A57A,0x28282828
	.word 0x58585858,0x58585858,0x0606587A,0x58580606,0x06587A7A,0x58060606,0x06587A06,0x7A060606
	.word 0x06060606,0x06060606,0x68680606,0x06060668,0x06062806,0x68680606,0x28282828,0x06282828
	.word 0x58CB5858,0x58585858,0x58585858,0x58585858,0x06060658,0x06060606,0x06060606,0x06580606
	.word 0x06060606,0x06060606,0x06060606,0x06060606,0x68686868,0x06686868,0x68686868,0x68686868
	.word 0xCBCB5858,0x58585858,0x58CBCB58,0xCB585806,0x067A7A06,0x7A580606,0x06060606,0x06060606
	.word 0x06060606,0x06060606,0x06060606,0x06060606,0x06060606,0x06060606,0x68686868,0x68686868

	.word 0x58585817,0x58585858,0x585858CB,0x58585858,0x0606067A,0x06060606,0x06060606,0x06060606
	.word 0x06060606,0x06060606,0x06060606,0x06060606,0x68686868,0x68686868,0x68686868,0x68686868
	.word 0xFEFEFEFE,0xFEFEFEFE,0xDCA8A8A8,0xFE79DCDC,0xA8A8A8A8,0xFE79DCA8,0xDCA8A8DC,0xFDFE79DC
	.word 0x79797979,0x7EFDFD79,0xFDFDF979,0x3F3FF07E,0xF0FDFDFD,0x3F3F5E3F,0x015EF03F,0x11111101
	.word 0x515151FE,0x82828282,0x825151FE,0x29298282,0x827E51FD,0x29293F82,0x827E7E51,0x3F3F3F3F
	.word 0x3F3F3F7E,0x3F3F3F3F,0x3F5E5E3F,0x7E7E3F3F,0x7E3F5E5E,0x5E3F7E7E,0xF5F5F05E,0x0111F0F5
	.word 0x82828282,0x82828282,0x29292929,0x7E828282,0x29292929,0x7E823F29,0x3F3F3F3F,0x7E82823F
	.word 0x7E7E7E82,0xFDFD7E7E,0x7E7E7E7E,0x79FDFD7E,0xF5F03F5E,0xF9F9FDFD,0xF03F5E11,0x79F9FDF5

	.word 0x51518282,0xFEFEFEA5,0xFEFE5151,0xFEFEFEFE,0xFEFE5151,0xFEFE7979,0xFEFDFD7E,0xFDFEFE79
	.word 0xDC797979,0x79797979,0x79FA7979,0xF5FDF979,0xF579FA79,0x5E5E5EF0,0x7EF9F979,0x1111115E
	.word 0xFEFEFEFE,0xA5FEFEFE,0x5151FEFE,0x51515151,0x7E5151FD,0x827E7E7E,0x7E515151,0x3F82827E
	.word 0x7EFDFDFE,0x3F3F827E,0x7E7E7E7E,0x3F3F3F7E,0x7E7E7E3F,0x5E3FF07E,0x7EF03F5E,0x5E5EF0F5
	.word 0x51515151,0xA5515151,0x51515151,0x51515151,0x82828282,0x82828282,0x3F3F3F3F,0x3F3F3F3F
	.word 0x3F3F3F3F,0x7E7E7E82,0x7E3F3F3F,0xFDFDFD7E,0x7E7EF03F,0x3FF07EF5,0xF0F0F03F,0x11115EF0
	.word 0xFEFEFEFE,0x5151FEFE,0x51515151,0x82825151,0x3F828282,0x29292929,0x2929293F,0x29292929
	.word 0x7E7E7E7E,0x3F3F3F82,0x7EFDFDFD,0x113F3F82,0x3F3F3F3F,0x11115E3F,0x7EF05E11,0xF05E5E7E

	.word 0x82828282,0x82828282,0x29296882,0x68292929,0x29292929,0x29292929,0x11292929,0x11111111
	.word 0x11111129,0x29111111,0x11111111,0x7E3F3F11,0x7E7E3F5E,0x7979FD7E,0x5EF0F5F5,0xF03F5E11
	.word 0x28282882,0xA5515151,0x28828282,0x51515151,0x82822929,0x51515182,0x823F2929,0x79FEFD51
	.word 0xFD7E823F,0x797979FE,0xFDFDFDFD,0x79797979,0x3F7EFDF9,0x3F3FF0F0,0x11F0F57E,0xF9F05E11
	.word 0x51A5A5A5,0x28282851,0x51515151,0x51515151,0xFEFEFEFD,0xFEFEFEFE,0xFDFE7979,0xFDFDFDFD
	.word 0xFDFE7979,0xFD0951FD,0xFDFD7979,0x7EFDFDFD,0x7EFDFD7E,0x3F7E7E7E,0x7EF579FA,0x3F5E5E3F
	.word 0xE0DCFE51,0x63E7DF8B,0xB2DCFE51,0x63E7E64E,0xB2A8DC79,0x69E6BD5A,0xA8F37979,0x9ECA0FC4
	.word 0xFAF9FDFD,0x9B9E87C4,0xFA46F57E,0xEE439E5A,0x0FF93F3F,0x9EB769E6,0xE6B2F97E,0x7B5AE7E4

	.word 0x05AAAA8F,0x60D477E8,0xB805AA3E,0x31609F77,0xB8AA3E14,0x31F4D477,0xB8AAA243,0xF4C56077
	.word 0x77E8053E,0xB4F4C560,0x9FE8053E,0xFFFFB431,0x2F05A243,0xB4FFEC9A,0x739B877B,0x9F9FD1D1
	.word 0xC5BFC5C5,0x80808080,0xB4B4B4B4,0x808080B4,0xB4B4B4B4,0xB4B4B4B4,0x9090B4B4,0xB4909090
	.word 0xB4B4B4B4,0xB4B4B4B4,0xB4B490FF,0xB4B4B4B4,0x808080B4,0xB4B4B4B4,0xB4B480F4,0xB4B48080
	.word 0x80808080,0x80808080,0x80808080,0xB4B48080,0x8080B4B4,0x80808080,0xB4B4B4B4,0xB4B4B4B4
	.word 0x80808080,0xB4B4B480,0xB4B4B4B4,0xB4B4B4B4,0x80B4B4B4,0xB4808080,0xC580B4B4,0xB4B4B480
	.word 0x90B4B480,0xFFFFFF90,0x90B4B4B4,0x90909090,0xB4B4B480,0x9090B4B4,0xB4B4B4B4,0x1FFF90B4
	.word 0x90B4B4B4,0xC1C11FFF,0xFF90B4B4,0x1F1F1FFF,0xB4B4B4B4,0xB4B4B4B4,0x808080B4,0x80808080

	.word 0x1F1FFFFF,0x5959C1C1,0x1FFFFF90,0x5959C1C1,0xC11F1FFF,0x9D5959C1,0x59C1C1C1,0x9D9D9D59
	.word 0x595959C1,0x9D9D9D9D,0xFF1F1F1F,0xFFFFFFFF,0xB4B4B4B4,0xB4B4B4B4,0xB4B4B4B4,0xB4B4B4B4
	.word 0xC1C15959,0xFFFF1F1F,0xC1595959,0x90FF1FC1,0x59599D9D,0xFF1F1FC1,0xC1599D9D,0x90FF1FC1
	.word 0x1FC15959,0xC5B490FF,0xB4B490FF,0xD460C5B4,0xC58080B4,0xD3BF60C5,0xC5C5C5C5,0xD3D4BFC5
	.word 0xD4C5B490,0x2563EAA0,0x60F4B4B4,0x74A077D4,0xFFFFFFFF,0xD4603131,0x606031B4,0x74D377D4
	.word 0xEA74A0D4,0xBDE669E4,0x696381A0,0xF3C45ABD,0x696381A0,0xF9C45A6D,0x431481A0,0xFB6ACA6D
	.word 0x79B2E0BD,0x515151FE,0x8BE6E4EA,0x79A8B2E0,0x256381A0,0xA8B2E08B,0x8B25E4EA,0x79DCB2E0
	.word 0x79A8E08C,0x7E5151FE,0x7E7E7EFD,0xFD7E7E82,0x3F3F7EF5,0xE0B2797E,0x5E5EF8F0,0xE00F797E

	.word 0xFEA55151,0x30B236DC,0xFEFEFEFE,0x30B236DC,0xA8DC79DC,0x8B8CE036,0xA879FEFE,0x8B8CE0B2
	.word 0x7E7E827E,0xA879FD51,0xFEFDFDFD,0x79797979,0xE0B2A8B2,0x113FFD36,0xF57E7EFA,0x1111113F
	.word 0x8C8C8C8C,0xDC36B230,0x8B8B8C8C,0xB2308C8C,0x8B8BBD8B,0x36B2308C,0x8C8C8B8B,0xFEDC36B2
	.word 0x79A8A8A8,0x827E51FE,0x3F8251FD,0x3F3F3F3F,0x3F291111,0x3F3F7E7E,0x11111111,0x1111113F
	.word 0x2828A5FE,0x68686882,0x51A5A3B9,0x68688228,0x8251FEDC,0x82828282,0x82827E51,0x82828282
	.word 0x3F3F3F82,0x82828282,0x3F3F3F3F,0x517E7E82,0x3F291111,0x7E7E7E3F,0x11111111,0x11111111
	.word 0x68686868,0x68686868,0x29296868,0x82686868,0x28288282,0x28282828,0x5151517E,0x51515151
	.word 0x7E7E7E82,0x82828282,0x827E7E51,0x2929293F,0x1111293F,0x3F291111,0x11111111,0xF03F1111

	.word 0x68686868,0x82686868,0x28282828,0x28282828,0x51515151,0x82822851,0x8282827E,0x82828282
	.word 0x82823F3F,0x82828282,0x82823F29,0x293F3F82,0x3F3F7E7E,0x3F3F2929,0x115E3F7E,0x3F7E3F3F
	.word 0x28282828,0x28282828,0x28282828,0x28282828,0x82828282,0x82828282,0x82828282,0x82828282
	.word 0x3F3F3F82,0x8282823F,0x29292929,0x8282823F,0x82828282,0x3F827E7E,0x3F29293F,0x113F3F3F
	.word 0x51515151,0x28282851,0x51515151,0x28282851,0x82828282,0x68688282,0x82828282,0x29292929
	.word 0x3F828282,0x29292929,0x3F3F8282,0x11292929,0x3F3F3F3F,0x11112929,0x3F3F1111,0x11113F3F
	.word 0x28282828,0x68686882,0x68828282,0x68686868,0x29292968,0x29292929,0x29292929,0x29292929
	.word 0x29292929,0x29292929,0x11111111,0x29292929,0x11111111,0x3F3F3F29,0x11111111,0x3F3F3F3F

	.word 0x68686868,0x68686868,0x68686868,0x68686829,0x29292929,0x29292929,0x29292929,0x29292929
	.word 0x29292929,0x29292929,0x11112929,0x29292929,0x11111129,0x293F3F29,0x11111111,0x11111111
	.word 0x68686868,0x68686868,0x29292929,0x29292929,0x29292929,0x29292929,0x29292929,0x29292929
	.word 0x29292929,0x29292929,0x29292929,0x29292929,0x29111111,0x11292929,0x11111111,0x11111111
	.word 0x68686868,0x68686868,0x29292929,0x29292929,0x29292929,0x29292929,0x29292929,0x29292929
	.word 0x29292929,0x29292929,0x29292929,0x29292929,0x11111111,0x29111111,0x11111111,0x11111111
	.word 0x015E5E11,0x5E010101,0xF5F9F9F5,0x5E5E5EF0,0xFAFAFAF9,0xF5F9F9FA,0xFAFAFAFA,0xFAFAFAFA
	.word 0xFAF9F0F5,0xFAFAFAFA,0xF55E0101,0xFAFAFAF9,0xF05E0101,0xFAFAFAF9,0xF05E5E01,0xFAFAF9F5

	.word 0xF9F9F5F0,0x5E3FF5F9,0xF9F9F9F0,0xF9F5F5F5,0xF0F9F9F5,0xFAF9F0F0,0xF0F5F5F9,0xF5F5F05E
	.word 0xF0F5F9FA,0xF5F05E5E,0xF0F0F5F9,0xF0F5F5F0,0xFAF9FAFA,0xF9FAFAFA,0xFAF9F9F9,0xF9FAFAFA
	.word 0xF5F0F05E,0xF5FDF9F9,0xF5F5F5F9,0xF5F9FAFA,0xF0F0F5F9,0xF9F9FAF9,0xF5F5F9F9,0xFAFAF9F0
	.word 0xF0F5F5F9,0xFAF9F5F0,0x5E5E5EF0,0xFAF9F05E,0x010101F0,0xFAFAF5F0,0x5E015EF5,0xF5F9F9F5
	.word 0xF0F0F0F0,0x5E11015E,0x015EF0F0,0x5E5E5E01,0x5EF0F5F9,0xF0F05E5E,0xF5F9F9F9,0xF05E5E5E
	.word 0xF0F5F9FA,0x5E5E0101,0x5EF5F9FA,0xF9F55E01,0xF0F9FAFA,0xF9F05E01,0x5EF0F9F9,0xF05E0101
	.word 0x5E5EF05E,0xF0F0F03F,0x5EF0F05E,0xFAF9F5F0,0xF0F5F9F5,0xFAF9F5F0,0xF0F5F9F5,0xF55E015E
	.word 0xF0F5F5F0,0xF05E015E,0xF0F5F5F9,0x5E5E5E5E,0x015EF5F9,0xF55E0101,0x01F0F5F5,0xF9F05E01

	.word 0x79F9F5F0,0x3F7EFD79,0xFAFAFAF9,0xF0F5F9FA,0xF9FAFAFA,0x5EF0F5F9,0xF9FAFAF9,0xF9F9F9F5
	.word 0xFAFAF9F5,0xFAFAFAFA,0xFAFAF5F0,0xFAF9F9F9,0xF9F9F9F9,0xF9F0F0F5,0xFAFAFAFA,0xF05EF5F9
	.word 0x5E110111,0x5E5E115E,0x5E5E5E5E,0xF0F0F05E,0xF05E5E5E,0xFAFAF5F0,0x5E5EF0F9,0xF9F9F05E
	.word 0x5EF0F5F9,0xF9F5F0F0,0xF9F9FAFA,0xF5F0F5F9,0xF9FAFAFA,0x5E5EF0F5,0xF0F9F9F9,0x0101015E
	.word 0x01015E3F,0x5E010101,0x01015E5E,0x01010101,0xF0F5F9F9,0x5E01015E,0xF9F9F9F9,0x5E015EF0
	.word 0xF9F5F5F9,0x5E5EF0F5,0xF05EF0F5,0x5E5E015E,0x01010101,0x01010101,0x01010101,0x01010101
	.word 0xFDF9FDF0,0xFAF9F5F5,0xF9F9F5F0,0xFAF9F9F5,0xF5F9F9F5,0xFAF9F5F5,0xF5F0F0F0,0xF9F9F9F9
	.word 0xF05EF0F0,0xF0F5F9F9,0x5E5EF0F0,0xF0F9F9F5,0x5EF0F05E,0xFAFAF55E,0x015E0101,0xF9F55E01

	.word 0x5EF5FAC4,0x7E3F1111,0x11F5FAC4,0xFDF05E01,0x01F0F9FA,0xF9F00101,0x015EF5F9,0x5E010101
	.word 0x015EF0F0,0xF55E5E01,0x5E5E5E5E,0xF05E015E,0xF0F5F5F5,0xF9F0015E,0x5EF0F0F9,0x0FF55E01
	.word 0x4EA8F9F5,0xF5C44EBD,0xF0F0FD79,0xF5F9F5F5,0xC4C40F0F,0xC45A5A0F,0xF9F0F5F0,0xBDBD4EC4
	.word 0x5EF0F9F9,0xCAC4F5F0,0x0F5A5AFA,0x0FF5F0F5,0x0FC40F0F,0xC4F0F5C4,0xFAC44EE6,0xF95EF0F9
	.word 0x3ECA2DF0,0x9FD16F2F,0x9E7C3BF0,0x9F2F733E,0xA243876A,0x9FB8053E,0xAAEEB7BD,0xB8AA3EAA
	.word 0xD89E6D6D,0xAAA2EE43,0x1414696D,0x3E9B43EE,0x141463E6,0xB8A243EE,0x69EA81BD,0xB89B9EB7
	.word 0xB4B43131,0xB4B4B4B4,0x31F431FF,0xB4B4B4B4,0xF4603131,0xB43131C5,0x6060D477,0x3131C5C5
	.word 0x7777D3F1,0x606060D4,0x0505AAAA,0x7777E8B8,0x3E3EAAB8,0xB80505AA,0xA2EEA2B8,0xAA3E3EA2

	.word 0xB4B4FFFF,0xFFFF90B4,0xB4B4B4B4,0x59C1FFB4,0xC5B4B4B4,0x59FFB4B4,0xB4B4B4B4,0xFFB4B4C5
	.word 0x3131F4C5,0xFFB4C5C5,0x6060D4D4,0xB4C56060,0x7777E8E8,0x60D4D477,0xB8050505,0x77E8B8B8
	.word 0x8080B4FF,0xB4B4B480,0xB4B4C159,0xFFB4B4B4,0xB4C19D9D,0xFFB4B4B4,0xC19D9D59,0xFFFFFFFF
	.word 0x9DDB9DC1,0x599D5959,0xDBDB9DEC,0xC1599DDB,0xEC59EC31,0x3131ECEC,0x31ECEC31,0x77777777
	.word 0xB4B4FF90,0xB490FFB4,0xB4B4FFC1,0xB490FFB4,0xB4B4B4FF,0x31B4B4B4,0xC5B4B4B4,0xC5C5C5C5
	.word 0xB4B4B4FF,0xC5C5C5C5,0x3131B4FF,0x60C5C5C5,0x6060C531,0x77D46060,0x7777D477,0xAAF1D3E8
	.word 0xC5C5C5C5,0xD377D460,0xC5C5C5C5,0xEBD3D460,0x6060C5C5,0x14AAA0D4,0xD460C5C5,0x4314AAD3
	.word 0xD3D460C5,0x7C9EEEAA,0x8FF177D4,0xF02D8743,0x988FEBF1,0xAC7BCAB7,0xB7B7EEA2,0xF0BD6369

	.word 0x43698174,0x0F2563E4,0xCACA438F,0x25EAE9B7,0x3B7B87B7,0xBD0FFA7B,0x5EFC6ACA,0xE94EF918
	.word 0xF0183BCC,0xD3E94EF9,0xF9F0185E,0xE9EAE75A,0xF55E5E01,0xF55ABDC4,0xF0010101,0xF5BDE6C4
	.word 0x1111F046,0x79F97E5E,0x5EF0C44E,0x79FAF9F0,0xF0C42525,0x5EF0F05E,0xF5BDEAD9,0x015E5E5E
	.word 0x0F2544D3,0x5EF0F5F5,0xF95AE7E4,0xF0F0F0F0,0x01F0F9F5,0x01010101,0x01010101,0x01010101
	.word 0xF07E7EFD,0x01111111,0x7E7EF07E,0x01115E3F,0x5E110101,0x01115E5E,0x01010101,0x01010101
	.word 0x01010101,0x01010101,0x01010101,0x01010101,0x01010101,0x01010101,0x01010101,0xF05E0101
	.word 0x11010101,0x01010101,0x5E110101,0x115E3F3F,0x7E5E1101,0x115EF5F5,0xF5F55E5E,0x5E015EF5
	.word 0xF0F5F05E,0x5E010101,0xF0F5F05E,0x01010101,0xF5F55E01,0x5E5E015E,0x5E5EF0F5,0xF5F5F05E

	.word 0x01010101,0x11010101,0x3F3F5E11,0x0101015E,0xF9F9F55E,0x115E5E7E,0xF9F9F9F0,0x5EF0F0F5
	.word 0xF5F9F5F0,0xF0F5F5F5,0xF5F0F05E,0xF0F5F9F5,0xF9F9F5F0,0x015EF5F9,0xFAF9F0F0,0xF0F0F5F9
	.word 0x01010101,0x3F3F1111,0x5E010101,0x115E3F5E,0xF05E0101,0x0111F0F0,0x5E010101,0x0101015E
	.word 0x0101015E,0x01010101,0x0101015E,0x01010101,0x01010101,0x01010101,0x0101015E,0x01010101
	.word 0x11115E3F,0x3FF03F5E,0x11010101,0x3F3F5E5E,0x01010101,0x3F3F5E11,0x01010101,0x5E5E0101
	.word 0x5E5E5E01,0x5E5E0101,0x5E5E5E01,0x5E5E0101,0x5E010101,0x5E010101,0x5E015E01,0xF0F0F0F0
	.word 0x01010111,0x11111111,0x01011111,0x01010101,0x015E5E5E,0x01010101,0x5E5E5E5E,0x01010101
	.word 0x5E5E5E5E,0x01010101,0x015E5EF0,0x01010101,0x5EF0F0F0,0x0101015E,0xF0F0F0F0,0x0101015E

	.word 0x11111111,0x11111111,0x01010101,0x01010101,0x01010101,0x01010101,0x01010101,0x01010101
	.word 0x01010101,0x01010101,0x01010101,0x01010101,0x01010101,0x01010101,0x01010101,0x01010101
	.word 0x11110101,0x115E3F5E,0x01010101,0x11111111,0x01010101,0x01010101,0x5E5E0101,0x0101015E
	.word 0x01010101,0x01010101,0x01010101,0x01010101,0x015E5E01,0x01010101,0x015E5E01,0x01010101
	.word 0x11111111,0x11111111,0x01111111,0x11111101,0x01010101,0x01010101,0x01010101,0x01010101
	.word 0x5E5E5E01,0x01010101,0x5E5E0101,0x01010101,0x5E5E0101,0x01015E5E,0x5E010101,0x01015E5E
	.word 0x01111111,0x11110101,0x01111111,0x01010101,0x01010101,0x01010101,0x01010101,0x01010101
	.word 0x01010101,0x01010101,0x01010101,0x01010101,0x01010101,0x01010101,0x01010101,0x01010101

	.word 0x5E5E5E01,0x5E5E5E01,0x5E5E5E5E,0x0101015E,0xF5F5FAF0,0x01F9F9F9,0xFAF9FA5E,0xF0FAFAFA
	.word 0xF5F9F5F0,0x01F5F9F5,0xF5F5FAF5,0x015EF0F5,0xF0F5F9F0,0x015E5EF0,0xF0F5F5F0,0x015E5EF0
	.word 0xFAF5F05E,0xF9FAFAFA,0xF9F50101,0xFAFAFAFA,0xFAF95E01,0xFAF9F9FA,0xFAFAF9F0,0xFAF9F5F5
	.word 0xFAFAFAF0,0xF9FAF9F5,0xFAFAF501,0xF9F9FAF9,0xFAF9F05E,0xF5F5F9F9,0xFAF9F05E,0xF5F5F9F9
	.word 0x5E5E5EF5,0x015EF5F0,0xF05EF0FA,0x0101F0F5,0xF55EF0FA,0x015EF9FA,0xFAF5F9FA,0x0101F0F5
	.word 0xF5F9F9F9,0x01015EF0,0xF9F9F5F9,0x0101F0F5,0xF5F5F0F5,0x010101F0,0x5E5E5EF5,0x015E0101
	.word 0xF0F0F05E,0xF5F0F05E,0xF9F9F95E,0xFAF9FAF9,0xF9F9F501,0xF0F5F9F5,0x015E5E5E,0x0101F0F0
	.word 0xF0F5F5F0,0x0101F5FA,0xF0F0F05E,0x01015EF5,0x5E010101,0x01015EF5,0x01010101,0x5E5EF5F0

	.word 0xF5F9F5F5,0xFAF9F0F0,0xF9F5F9FA,0xF5FAFAFA,0xF5F0F9F5,0xF0F9FAFA,0xF5F0F001,0xF0F9FAFA
	.word 0xF5F0F501,0x5E5EF0FA,0x5E5E5E01,0x015EF0F0,0x5E015E5E,0x0101F0F0,0x01015E5E,0x01015EF0
	.word 0xFAFAF5F9,0xF9F5F9FA,0xFAF00101,0xF9F5F9FA,0xF5F001F0,0xF0F9FAF9,0x5E5E015E,0xF5F5FAF0
	.word 0x01010101,0x01015E01,0xF0010101,0x0101F0F5,0xF95E0101,0x01015EFA,0xF0010101,0x010101F5
	.word 0x5EF5F9FA,0xF0F05E01,0xF5FAFAFA,0x5E5E015E,0xFAFAFAFA,0x010101F5,0xF5F9F9FA,0x010101F0
	.word 0x5EF05E5E,0x01010101,0x01010101,0x5E010101,0x01010101,0xF0010101,0x01015E5E,0x5E010101
	.word 0x015E5E5E,0x01010101,0x5EF5F001,0x015E5E01,0xF0F95E01,0x015E5E5E,0x015E0101,0x015E5E01
	.word 0x5E5E0101,0x01F0F5F0,0xF05EF0F9,0x015EF5FA,0x5E01F5F9,0x015EF5F9,0x0101F0F0,0x015EF5F0

	.word 0x01010101,0xF95EF05E,0x5E010101,0xC4F0F5F0,0x5E010101,0xC45E01F0,0x5E010101,0xFA015EF5
	.word 0xF55E0101,0xFAFAF5F9,0xF5F00101,0x5EF9FAF9,0xF9F05E01,0x5EF9F5FA,0xF5F50101,0xF5F0015E
	.word 0x015EF5FA,0xF5010101,0x015EFA0F,0x01010101,0x01F0F90F,0x01010101,0x5EF9C40F,0x01010101
	.word 0xF0C45AFA,0x0101015E,0xF50FFA01,0x01015E5E,0xF5F50101,0x0101F0F0,0x5E010101,0x01015E5E
	.word 0xFA0FBD0F,0xF0F0F5F9,0xF9C4FA01,0xFAFAF5F5,0xF0F05E01,0xF9F5F0F0,0x5E5E0101,0x5E010101
	.word 0x5E5E0101,0x01010101,0x5E5E0101,0x0101015E,0x5E5E0101,0x5E5E015E,0x5EF05E01,0xF5F05E01
	.word 0xA0D4E9C4,0x43876D63,0xF46044C4,0xD4BD8160,0xC5BF454E,0xE601E7B4,0xC5455A5E,0x01FAD3B4
	.word 0xE95A0101,0x5EC4D945,0x0F010101,0xF95EBDD9,0xF05E0FF9,0xF0F0BDEA,0x5EFAE65A,0xF05EF0F9

	.word 0xB8EE9EEE,0xEE9B9B05,0xEB6A7CD3,0x1E1EEB31,0xF901F0EA,0x6A9831A0,0x01010101,0xCAD4315A
	.word 0x01015EF0,0xF131EAF0,0x0101F90F,0x60C5E4F0,0x0101F5F9,0xE7E9D9F9,0x01010101,0x5EF0F901
	.word 0x3E3E3EA2,0x05AAAAAA,0x9B9B43D8,0x3EA2A2EE,0x1E1E877C,0x9B4343D8,0x877C6ACC,0xD89E1E87
	.word 0x7C877C6A,0x8787877C,0x6A98EBE4,0x7C7C7CCC,0x3B7C6DE4,0xCCCCCC7B,0xACACF0F9,0x181818F7
	.word 0x9A9A9FB8,0x0505B89F,0x9F053EA2,0xA205E8D1,0x9B9B9B9B,0x3EE8E89B,0x9E43D8D8,0xE89F73D8
	.word 0x1E9E1E87,0xF1F1E843,0x7C7C7C7C,0x14EA987C,0x7B7B7BCC,0xEA63982D,0x5EACAC18,0xD3EA6DF0
	.word 0xAA050505,0x9BEEA23E,0xEE9BEEA2,0x871ED89B,0x43D8EEA2,0x7BCC7C9E,0x9E87D8AA,0x18186A9E
	.word 0x6DCA43EB,0xACAC2DBD,0x63E7E4E4,0x015EF9B7,0xBFE6C4E6,0x01F0FAE4,0x25F501BD,0x015EF5BD

	.word 0x7C7C87D8,0xE6D96387,0xAC187B6A,0xE4E92DAC,0x015EF718,0x5EF00101,0x0101AC5E,0x01010101
	.word 0xF9F70101,0xF05E01F0,0xBDF50101,0x4E0101F9,0xF0010101,0xEAF5015E,0x01010101,0x25FA0101
	.word 0x0FF5F97B,0xF0BDE9E7,0xBF44D9C4,0xF5E445C5,0xC5B4E401,0xC445D9C5,0x5AEA0F01,0x5EFAE65A
	.word 0x01C4F5F0,0x01015E01,0x01E745D9,0x5E010101,0xF05A44C5,0x014EE6FA,0x44F0F0BD,0x010FD3BF
	.word 0x01010101,0x01010101,0x01010101,0x01010101,0x01010101,0x01010101,0x01F0F001,0x01010101
	.word 0x01F0F9F0,0x01010101,0x015EF5F5,0x01010101,0x015EF0F0,0x01010101,0x015E5E01,0xF55E0101
	.word 0x5E010101,0xF95E015E,0x015E0101,0xF55E0101,0x015E5E01,0xF0010101,0x015E5E01,0x01010101
	.word 0x01010101,0x0101F55E,0x01010101,0x015EF001,0x01010101,0x01015E01,0x015E015E,0x01010101

	.word 0x94239648,0x5FA9B562,0x39393996,0x1A1A1A1A,0x1A393923,0x841A1A1A,0x1A1A1A94,0x3232841A
	.word 0x1A1A1A62,0x02023284,0x32841A08,0x50020232,0x323232A9,0x50500202,0x020232AE,0x24245050
	.word 0xB16EC288,0x8A61134F,0x02328484,0x24505002,0x02020232,0x10245050,0x50500202,0xC9662450
	.word 0x24505002,0x26AD6624,0x66245050,0x043AADAD,0xAD662424,0xCF3A3AAD,0x3AADAD66,0x9267673A
	.word 0x5E5EF05E,0x015E5E5E,0x0101015E,0x01010101,0x01010101,0x01010101,0x01010101,0x01010101
	.word 0x01010101,0x01010101,0x01010101,0x01010101,0x01010101,0x01010101,0x01010101,0x01010101
	.word 0xF9F55E01,0xF9F9F5F9,0x5E5E5E5E,0xF5F05EF0,0x01015E5E,0x01010101,0x01010101,0x01010101
	.word 0x01010101,0x01010101,0x01010101,0x01010101,0x01010101,0x01010101,0x01010101,0x01010101

	.word 0x0101015E,0x01010101,0x01010101,0x01010101,0x01010101,0x5E5E0101,0x01010101,0xF0F00101
	.word 0x01010101,0x01010101,0x01010101,0x01010101,0x01010101,0x01010101,0x01010101,0x01010101
	.word 0x01010101,0xF5F0F001,0x01010101,0xF9F05E01,0x01010101,0xF05E0101,0x01010101,0x5E5E0101
	.word 0x0101015E,0x5E010101,0x01010101,0x0101015E,0x01010101,0x01010101,0x01010101,0x01010101
	.word 0x010101F0,0x01010101,0x0101015E,0x01010101,0x01010101,0x01010101,0x01010101,0x01010101
	.word 0x0101015E,0x01010101,0x01010101,0x01010101,0x01010101,0x015E0101,0x01010101,0x015E0101
	.word 0x01010101,0x01010101,0x01010101,0x01010101,0x01010101,0x01010101,0x01010101,0x01010101
	.word 0x01010101,0x015E5E01,0x01010101,0x01010101,0x01010101,0x01010101,0x01010101,0x01010101

	.word 0x01010101,0x01010101,0x01010101,0x01010101,0x01010101,0x01010101,0x01010101,0x01010101
	.word 0x01010101,0x01010101,0x01010101,0x01010101,0x01010101,0x01010101,0x01010101,0x01010101
	.word 0x01015EF0,0x01015E01,0x01015E5E,0x01015E01,0x5E5EF0F0,0x01015E01,0x015E5E01,0x01010101
	.word 0x01010101,0x01010101,0x01010101,0x01010101,0x01010101,0x01010101,0x01010101,0x01010101
	.word 0x5E5E0101,0xF05E0101,0x01010101,0x5EF05E01,0x01010101,0x015E5E01,0x01010101,0x01F0F55E
	.word 0x01010101,0x5EF0F05E,0x01010101,0x5E5E5E01,0x01010101,0x01010101,0x01010101,0x01010101
	.word 0x0101015E,0x01015E5E,0x01010101,0x5E01015E,0x01010101,0x5E010101,0x01010101,0x5EF05E01
	.word 0x0101F05E,0xF5F9F95E,0x0101015E,0xF5F0F001,0x01010101,0x5E5E0101,0x01010101,0x01010101

	.word 0xF5F55E01,0xF05A0F5E,0xF5F95E5E,0xF0BD5A5E,0x5EF05E01,0x01F5F001,0x5E5E0101,0x5E5E5E5E
	.word 0x5E5EF0F5,0x5EF05E01,0x5E5EF0F5,0x01010101,0x5E010101,0x01010101,0x01010101,0x01010101
	.word 0xBDF9F9C4,0xE9E4FAE6,0x0F01015E,0x454525EA,0x5E010101,0x4E4EC4FA,0x01010101,0xFAFAF001
	.word 0x01010101,0x4EC40101,0x01010101,0xC4FAF001,0x01010101,0x5EF05E01,0x01010101,0x01010101
	.word 0x010101F0,0x01010101,0x010101F9,0x01010101,0x5EF0F0F9,0x01010101,0x01F0F5F9,0x01010101
	.word 0x015EF0FA,0x01010101,0x015EF5FA,0x01010101,0x0101F0F0,0x01010101,0x01010101,0x01010101
	.word 0x015E0101,0x01010101,0xFAFA5E01,0x015E015E,0xE90F5E01,0x5E5E01C4,0x25FA0101,0x5E0101FA
	.word 0xF5010101,0x010101F5,0x5E010101,0x0101015E,0x01010101,0x01010101,0x01010101,0x01010101

	.word 0x01010101,0x25E7C401,0x01010101,0x0F5AF901,0x015E5E5E,0x5AC4F001,0x015E5E5E,0xF5F00101
	.word 0x01010101,0xF001015E,0x01010101,0x5E010101,0x01010101,0x01010101,0x01010101,0x01010101
	.word 0x5E0101FA,0x5E5EF5F5,0x01F50FF9,0xC45E5E01,0x5E0FE6FA,0xFA010101,0xF5C4F9F0,0x0101FAF5
	.word 0x5EF0F05E,0x0101FAF5,0x01010101,0xF0010101,0x5E010101,0xF55E0101,0x5E5E0101,0x01010101
	.word 0xFAF90FF9,0xF9FA5EC4,0x44E7E725,0xE7D9BD44,0xE7E425E7,0x5AE9BD4E,0x252525C4,0x015E5E0F
	.word 0x4E4E0FF0,0x5E0101F5,0xF5C40FF9,0x01010101,0x5EF0F0F5,0x01010101,0x01010101,0x01010101
	.word 0x45F90101,0x0101E6BF,0xBDFAF501,0x0101C4E7,0xC4F5F05E,0x0101FA0F,0x0FF0F0F0,0x01015AE7
	.word 0xBDFA0F4E,0x01015AEA,0xC45A5AFA,0x01015EF9,0x5EF9F9F0,0x01010101,0x01F0F05E,0x01010101

	.word 0x01010101,0xE7FA0101,0x015E0FF5,0xE7FA0101,0x5E0FC5E6,0xBDC4F5F9,0x01F5E7FA,0xE74EFAF9
	.word 0xF0F5BDF0,0x5AC4FAC4,0x0F5AE6F0,0x0FFA0FBD,0xF0F05E01,0xF5F9F5FA,0x5E010101,0x5E5E5EF0
	.word 0x5EF9FA0F,0x5E01015E,0xFA4E4EBD,0xF55EF0C4,0xFAC40F5A,0xF55E5EF9,0xF5FA0F4E,0xF001015E
	.word 0xF0F9FA0F,0xF05E015E,0x5EF9F9FA,0xF55E0101,0x015EF0F5,0x5E010101,0x015E5E01,0x01010101
	.word 0x50020212,0x66242450,0x24505095,0xADAD6624,0x2424502E,0x3AADADAD,0xAD662486,0x673A3AAD
	.word 0xADADAD6C,0x67673A3A,0x3A3AADA7,0x7D676767,0x673A3A34,0x53537D67,0xBEB37D3A,0x332CCF38
	.word 0x3A3AADAD,0xBA7D6767,0x67673A3A,0x2B537D67,0x7D67673A,0x7F37537D,0x537D6767,0xEF373753
	.word 0x3753537D,0x06153737,0x37375353,0x68151537,0x15373737,0x29151515,0x9C2A2B2B,0x11296806

	.word 0x01010101,0x01010101,0x01010101,0x01010101,0xB5B50101,0x01014848,0x48B50101,0x01014848
	.word 0xD9D9B5B5,0x4848C5C5,0xD9D948B5,0x4848C5C5,0xD9D948B5,0x4848C5C5,0xD9D948B5,0x4848C5C5
	.word 0x01010101,0x94239648,0x01010101,0x39393996,0x01010101,0x1A393923,0x01010101,0x1A1A1A94
	.word 0x01010101,0x1A1A1A62,0x01010101,0x32841A08,0x01010101,0x323232A9,0x01010101,0x020232AE
	.word 0x5FA9B562,0xB16EC288,0x1A1A1A1A,0x02328484,0x841A1A1A,0x02020232,0x3232841A,0x50500202
	.word 0x02023284,0x24505002,0x50020232,0x66245050,0x50500202,0xAD662424,0x24245050,0x3AADAD66
	.word 0x8A61134F,0x94239648,0x24505002,0x39393996,0x10245050,0x1A393923,0xC9662450,0x1A1A1A94
	.word 0x26AD6624,0x1A1A1A62,0x043AADAD,0x32841A08,0xCF3A3AAD,0x323232A9,0x9267673A,0x020232AE

	.word 0x8A61134F,0x01010101,0x24505002,0x01010101,0x10245050,0x01010101,0xC9662450,0x01010101
	.word 0x26AD6624,0x01010101,0x043AADAD,0x01010101,0xCF3A3AAD,0x01010101,0x9267673A,0x01010101
	.word 0x01010101,0x01010101,0x01010101,0x01010101,0x01010101,0x01010101,0x01010101,0x01010101
	.word 0x01010101,0x01010101,0x01010101,0x01010101,0x01010101,0x01010101,0x010148B5,0x01010101
	.word 0x01010101,0x01010101,0x01010101,0x01010101,0x01010101,0x01010101,0x01010101,0x01010101
	.word 0x01010101,0x01010101,0x01010101,0x01010101,0x01010101,0x01010101,0x48B50101,0x01010101
	.word 0x01010101,0xB5B50101,0x01010101,0x48B50101,0x01010101,0x48B50101,0x01010101,0x48480101
	.word 0x01010101,0xE4E4B5B5,0x01010101,0xE4E448B5,0x01010101,0xE4E448B5,0x01010101,0xE4E44848

	.word 0xD9D9D9D9,0xC5C5C5C5,0xD9D9D9D9,0xC5C5C5C5,0xD9D9D9D9,0xC5C5C5C5,0xD9D9D9D9,0xC5C5C5C5
	.word 0xD9D9D9D9,0xC5C5C5C5,0xD9D9D9D9,0xC5C5C5C5,0xD9D9D9D9,0xC5C5C5C5,0xD9D9D9D9,0xC5C5C5C5
	.word 0x01014848,0x50020212,0x01014848,0x24505095,0x01014848,0x2424502E,0x01014848,0xAD662486
	.word 0x48489D9D,0xADADAD6C,0x48489D9D,0x3A3AADA7,0x48489D9D,0x673A3A34,0x48489D9D,0xBEB37D3A
	.word 0x66242450,0x3A3AADAD,0xADAD6624,0x67673A3A,0x3AADADAD,0x7D67673A,0x673A3AAD,0x537D6767
	.word 0x67673A3A,0x3753537D,0x7D676767,0x37375353,0x53537D67,0x15373737,0x332CCF38,0x9C2A2B2B
	.word 0xBA7D6767,0x50020212,0x2B537D67,0x24505095,0x7F37537D,0x2424502E,0xEF373753,0xAD662486
	.word 0x06153737,0xADADAD6C,0x68151537,0x3A3AADA7,0x29151515,0x673A3A34,0x11296806,0xBEB37D3A

	.word 0xBA7D6767,0xB5010101,0x2B537D67,0x48010101,0x7F37537D,0xD9B50101,0xEF373753,0xD9480101
	.word 0x06153737,0xD9E4B501,0x68151537,0xD9E44801,0x29151515,0xD9E4E4B5,0x11296806,0x4EC4C448
	.word 0x0148C5D9,0x01010101,0x0148C5D9,0x01010101,0x48C5C5D9,0x01010101,0x48C5C5D9,0x01010101
	.word 0x9DC5C5D9,0xB5010148,0x9DC5C5D9,0x48010148,0x9DC5C5D9,0xE4B5B59D,0xE64E4E4E,0xC44848E6
	.word 0xC5D9B501,0x01010148,0xC5D94801,0x01010148,0xC5D9D9B5,0x010148C5,0xC5D9D948,0x010148C5
	.word 0xC5D9D9E4,0x01489DC5,0xC5D9D9E4,0x01489DC5,0xC5D9D9E4,0xB59D9DC5,0x4E4E4EC4,0x48E6E64E

	.section .rodata
	.align	2
	.global screen2n_bn_gfxMap		@ 2048 unsigned chars
	.hidden screen2n_bn_gfxMap
screen2n_bn_gfxMap:
	.hword 0x0001,0x0002,0x0003,0x0004,0x0005,0x0006,0x0007,0x0008
	.hword 0x0009,0x000A,0x000B,0x000C,0x000D,0x000E,0x000F,0x0010
	.hword 0x0011,0x0012,0x0013,0x0014,0x0015,0x0016,0x0017,0x0018
	.hword 0x0019,0x001A,0x001B,0x001C,0x001D,0x001E,0x0000,0x0000
	.hword 0x001F,0x0020,0x0021,0x0022,0x0023,0x0024,0x0025,0x0026
	.hword 0x0027,0x0028,0x0029,0x002A,0x002B,0x002C,0x002C,0x002D
	.hword 0x002E,0x002F,0x0030,0x0031,0x0032,0x0033,0x0034,0x0035
	.hword 0x0036,0x0037,0x0038,0x0039,0x003A,0x003B,0x0000,0x0000

	.hword 0x003C,0x003D,0x003E,0x003F,0x0040,0x0041,0x0042,0x0043
	.hword 0x0044,0x0045,0x0046,0x0047,0x002C,0x002C,0x002C,0x002C
	.hword 0x0048,0x0049,0x004A,0x004B,0x004C,0x004D,0x004E,0x004F
	.hword 0x0050,0x0051,0x0052,0x0053,0x0054,0x0055,0x0000,0x0000
	.hword 0x0056,0x0057,0x0058,0x0059,0x005A,0x005B,0x005C,0x005D
	.hword 0x005E,0x005F,0x0060,0x0061,0x002C,0x002C,0x002C,0x002C
	.hword 0x0062,0x0063,0x0064,0x0065,0x0066,0x0067,0x0068,0x0069
	.hword 0x006A,0x006B,0x006C,0x006D,0x006E,0x006F,0x0000,0x0000

	.hword 0x0070,0x0071,0x0072,0x0073,0x0074,0x0075,0x0076,0x0077
	.hword 0x0078,0x0079,0x007A,0x007B,0x007C,0x002C,0x002C,0x082D
	.hword 0x007D,0x007E,0x007F,0x0080,0x0081,0x0082,0x0083,0x0084
	.hword 0x0085,0x0086,0x0087,0x0088,0x0089,0x008A,0x0000,0x0000
	.hword 0x008B,0x008C,0x008D,0x008E,0x008F,0x0090,0x0091,0x0092
	.hword 0x0093,0x0094,0x0095,0x0096,0x0097,0x0098,0x0099,0x009A
	.hword 0x009B,0x009C,0x009D,0x009E,0x009F,0x00A0,0x00A1,0x00A2
	.hword 0x00A3,0x00A4,0x00A5,0x00A6,0x00A7,0x00A8,0x0000,0x0000

	.hword 0x00A9,0x00AA,0x00AB,0x00AC,0x00AD,0x00AE,0x00AF,0x00B0
	.hword 0x00B1,0x00B2,0x00B3,0x00B4,0x00B5,0x00B6,0x00B7,0x00B8
	.hword 0x00B9,0x00BA,0x00BB,0x00BC,0x00BD,0x00BE,0x00BF,0x00C0
	.hword 0x00C1,0x00C2,0x00C3,0x00C4,0x00C5,0x00C6,0x0000,0x0000
	.hword 0x00C7,0x00C8,0x00C9,0x00CA,0x00CB,0x00CC,0x00CD,0x00CE
	.hword 0x00CF,0x00D0,0x00D1,0x00D2,0x00D3,0x00D4,0x00D5,0x00D6
	.hword 0x00D7,0x00D8,0x00D9,0x00DA,0x00DB,0x00DC,0x00DD,0x00DE
	.hword 0x00DF,0x00E0,0x00E1,0x00E2,0x00E3,0x00E4,0x0000,0x0000

	.hword 0x00E5,0x00E6,0x00E7,0x00E8,0x00E9,0x00EA,0x00EB,0x00EC
	.hword 0x00ED,0x00EE,0x00EF,0x00F0,0x00F1,0x00F2,0x00F3,0x00F4
	.hword 0x00F5,0x00F6,0x00F7,0x00F8,0x00F9,0x00FA,0x00FB,0x00FC
	.hword 0x00FD,0x00FE,0x00FF,0x0100,0x0101,0x0102,0x0000,0x0000
	.hword 0x0103,0x0104,0x0105,0x0106,0x0107,0x0108,0x0109,0x010A
	.hword 0x010B,0x010C,0x010D,0x010E,0x010F,0x0110,0x0111,0x0112
	.hword 0x0113,0x0114,0x0115,0x0116,0x0117,0x0118,0x0119,0x011A
	.hword 0x011B,0x011C,0x011D,0x011E,0x011F,0x0120,0x0000,0x0000

	.hword 0x0121,0x0122,0x0123,0x0124,0x0125,0x0126,0x0127,0x0128
	.hword 0x0129,0x012A,0x012B,0x012C,0x012D,0x012E,0x012F,0x0130
	.hword 0x0131,0x0132,0x0133,0x0134,0x0135,0x0136,0x0137,0x0138
	.hword 0x0139,0x013A,0x013B,0x013C,0x013D,0x013E,0x0000,0x0000
	.hword 0x013F,0x0140,0x0141,0x0142,0x0143,0x0144,0x0145,0x0146
	.hword 0x0147,0x0148,0x0149,0x014A,0x014B,0x014C,0x014D,0x014E
	.hword 0x014F,0x0150,0x0151,0x0152,0x0153,0x0154,0x0155,0x0156
	.hword 0x0157,0x0158,0x0159,0x015A,0x015B,0x015C,0x0000,0x0000

	.hword 0x015D,0x015E,0x015F,0x0160,0x0161,0x0162,0x0163,0x0164
	.hword 0x0165,0x0166,0x0167,0x0168,0x0169,0x016A,0x016B,0x016C
	.hword 0x016D,0x016E,0x016F,0x0170,0x0171,0x0172,0x0173,0x0174
	.hword 0x0175,0x0176,0x0177,0x0178,0x0179,0x017A,0x0000,0x0000
	.hword 0x017B,0x017C,0x017D,0x017E,0x017F,0x0180,0x0181,0x0182
	.hword 0x0183,0x0184,0x0185,0x0186,0x0187,0x0188,0x0189,0x018A
	.hword 0x018B,0x018C,0x018D,0x018E,0x018F,0x0190,0x0191,0x0192
	.hword 0x0193,0x0194,0x0195,0x0196,0x0197,0x0194,0x0000,0x0000

	.hword 0x0198,0x0199,0x019A,0x019B,0x019C,0x019D,0x019E,0x019F
	.hword 0x01A0,0x01A1,0x01A2,0x01A3,0x01A4,0x01A5,0x01A6,0x01A7
	.hword 0x01A8,0x01A9,0x01AA,0x01AB,0x01AC,0x01AD,0x01AC,0x01AD
	.hword 0x01AC,0x01AD,0x01AC,0x01AD,0x01AC,0x01AD,0x0000,0x0000
	.hword 0x01AE,0x01AF,0x01B0,0x01B1,0x01B2,0x01B3,0x01B4,0x01B5
	.hword 0x01B6,0x01B7,0x01B8,0x01B9,0x01BA,0x01BB,0x01BC,0x01BD
	.hword 0x01BE,0x01BF,0x01C0,0x01C1,0x01C2,0x01C3,0x01C2,0x01C3
	.hword 0x01C2,0x01C3,0x01C2,0x01C3,0x01C2,0x01C3,0x0000,0x0000

	.hword 0x01B4,0x01B4,0x01B4,0x01B4,0x01B4,0x01B4,0x01B4,0x01B4
	.hword 0x01B4,0x01B4,0x01B4,0x01B4,0x01B4,0x01B4,0x01B4,0x01B4
	.hword 0x01B4,0x01B4,0x01AC,0x01AD,0x01AC,0x01AD,0x01B4,0x01B4
	.hword 0x01B4,0x01B4,0x01B4,0x01B4,0x01B4,0x01B4,0x0000,0x0000
	.hword 0x01B4,0x01B4,0x01B4,0x01B4,0x01B4,0x01B4,0x01B4,0x01B4
	.hword 0x01B4,0x01B4,0x01B4,0x01B4,0x01B4,0x01B4,0x01B4,0x01B4
	.hword 0x01B4,0x01B4,0x01C2,0x01C3,0x01C2,0x01C3,0x01B4,0x01B4
	.hword 0x01B4,0x01B4,0x01B4,0x01B4,0x01B4,0x01B4,0x0000,0x0000

	.hword 0x01B4,0x01B4,0x01B4,0x01B4,0x01B4,0x01B4,0x01C4,0x01C5
	.hword 0x01C6,0x01C7,0x01C6,0x01C7,0x01C6,0x01C8,0x01C9,0x01CA
	.hword 0x01AC,0x01AD,0x01AC,0x01AD,0x01AC,0x01AD,0x01B4,0x01B4
	.hword 0x01B4,0x01B4,0x01B4,0x01B4,0x01B4,0x01B4,0x0000,0x0000
	.hword 0x01B4,0x01B4,0x01B4,0x01B4,0x01B4,0x01CB,0x01CC,0x01CD
	.hword 0x01CE,0x01CF,0x01CE,0x01CF,0x01CE,0x01D0,0x01D1,0x01D2
	.hword 0x01C2,0x01C3,0x01C2,0x01C3,0x01C2,0x01C3,0x01B4,0x01B4
	.hword 0x01B4,0x01B4,0x01B4,0x01B4,0x01B4,0x01B4,0x0000,0x0000

	.hword 0x0000,0x0000,0x0000,0x0000,0x0000,0x0000,0x0000,0x0000
	.hword 0x0000,0x0000,0x0000,0x0000,0x0000,0x0000,0x0000,0x0000
	.hword 0x0000,0x0000,0x0000,0x0000,0x0000,0x0000,0x0000,0x0000
	.hword 0x0000,0x0000,0x0000,0x0000,0x0000,0x0000,0x0000,0x0000
	.hword 0x0000,0x0000,0x0000,0x0000,0x0000,0x0000,0x0000,0x0000
	.hword 0x0000,0x0000,0x0000,0x0000,0x0000,0x0000,0x0000,0x0000
	.hword 0x0000,0x0000,0x0000,0x0000,0x0000,0x0000,0x0000,0x0000
	.hword 0x0000,0x0000,0x0000,0x0000,0x0000,0x0000,0x0000,0x0000

	.hword 0x0000,0x0000,0x0000,0x0000,0x0000,0x0000,0x0000,0x0000
	.hword 0x0000,0x0000,0x0000,0x0000,0x0000,0x0000,0x0000,0x0000
	.hword 0x0000,0x0000,0x0000,0x0000,0x0000,0x0000,0x0000,0x0000
	.hword 0x0000,0x0000,0x0000,0x0000,0x0000,0x0000,0x0000,0x0000
	.hword 0x0000,0x0000,0x0000,0x0000,0x0000,0x0000,0x0000,0x0000
	.hword 0x0000,0x0000,0x0000,0x0000,0x0000,0x0000,0x0000,0x0000
	.hword 0x0000,0x0000,0x0000,0x0000,0x0000,0x0000,0x0000,0x0000
	.hword 0x0000,0x0000,0x0000,0x0000,0x0000,0x0000,0x0000,0x0000

	.hword 0x0000,0x0000,0x0000,0x0000,0x0000,0x0000,0x0000,0x0000
	.hword 0x0000,0x0000,0x0000,0x0000,0x0000,0x0000,0x0000,0x0000
	.hword 0x0000,0x0000,0x0000,0x0000,0x0000,0x0000,0x0000,0x0000
	.hword 0x0000,0x0000,0x0000,0x0000,0x0000,0x0000,0x0000,0x0000
	.hword 0x0000,0x0000,0x0000,0x0000,0x0000,0x0000,0x0000,0x0000
	.hword 0x0000,0x0000,0x0000,0x0000,0x0000,0x0000,0x0000,0x0000
	.hword 0x0000,0x0000,0x0000,0x0000,0x0000,0x0000,0x0000,0x0000
	.hword 0x0000,0x0000,0x0000,0x0000,0x0000,0x0000,0x0000,0x0000

	.hword 0x0000,0x0000,0x0000,0x0000,0x0000,0x0000,0x0000,0x0000
	.hword 0x0000,0x0000,0x0000,0x0000,0x0000,0x0000,0x0000,0x0000
	.hword 0x0000,0x0000,0x0000,0x0000,0x0000,0x0000,0x0000,0x0000
	.hword 0x0000,0x0000,0x0000,0x0000,0x0000,0x0000,0x0000,0x0000
	.hword 0x0000,0x0000,0x0000,0x0000,0x0000,0x0000,0x0000,0x0000
	.hword 0x0000,0x0000,0x0000,0x0000,0x0000,0x0000,0x0000,0x0000
	.hword 0x0000,0x0000,0x0000,0x0000,0x0000,0x0000,0x0000,0x0000
	.hword 0x0000,0x0000,0x0000,0x0000,0x0000,0x0000,0x0000,0x0000

	.hword 0x0000,0x0000,0x0000,0x0000,0x0000,0x0000,0x0000,0x0000
	.hword 0x0000,0x0000,0x0000,0x0000,0x0000,0x0000,0x0000,0x0000
	.hword 0x0000,0x0000,0x0000,0x0000,0x0000,0x0000,0x0000,0x0000
	.hword 0x0000,0x0000,0x0000,0x0000,0x0000,0x0000,0x0000,0x0000
	.hword 0x0000,0x0000,0x0000,0x0000,0x0000,0x0000,0x0000,0x0000
	.hword 0x0000,0x0000,0x0000,0x0000,0x0000,0x0000,0x0000,0x0000
	.hword 0x0000,0x0000,0x0000,0x0000,0x0000,0x0000,0x0000,0x0000
	.hword 0x0000,0x0000,0x0000,0x0000,0x0000,0x0000,0x0000,0x0000

	.hword 0x0000,0x0000,0x0000,0x0000,0x0000,0x0000,0x0000,0x0000
	.hword 0x0000,0x0000,0x0000,0x0000,0x0000,0x0000,0x0000,0x0000
	.hword 0x0000,0x0000,0x0000,0x0000,0x0000,0x0000,0x0000,0x0000
	.hword 0x0000,0x0000,0x0000,0x0000,0x0000,0x0000,0x0000,0x0000
	.hword 0x0000,0x0000,0x0000,0x0000,0x0000,0x0000,0x0000,0x0000
	.hword 0x0000,0x0000,0x0000,0x0000,0x0000,0x0000,0x0000,0x0000
	.hword 0x0000,0x0000,0x0000,0x0000,0x0000,0x0000,0x0000,0x0000
	.hword 0x0000,0x0000,0x0000,0x0000,0x0000,0x0000,0x0000,0x0000

	.section .rodata
	.align	2
	.global screen2n_bn_gfxPal		@ 512 unsigned chars
	.hidden screen2n_bn_gfxPal
screen2n_bn_gfxPal:
	.hword 0x03E0,0x0000,0x6AA0,0x3000,0x3D00,0x4274,0x1000,0x5000
	.hword 0x7FD6,0x1043,0x30E7,0x437E,0x2000,0x4000,0x6000,0x1CE7
	.hword 0x55E0,0x0400,0x7750,0x6EE6,0x35EF,0x4060,0x5FDF,0x1800
	.hword 0x0442,0x2800,0x7320,0x3800,0x5694,0x1C63,0x1D4B,0x6718
	.hword 0x5800,0x6800,0x4800,0x7FFC,0x6220,0x318C,0x4560,0x55CF
	.hword 0x1021,0x0800,0x1820,0x2060,0x30A0,0x10A5,0x6EEC,0x46B7
	.hword 0x28E7,0x5AF7,0x6EC0,0x2860,0x6224,0x5D29,0x20A5,0x48C0
	.hword 0x38C0,0x7FA0,0x5580,0x0863,0x5400,0x5864,0x3632,0x0821

	.hword 0x6C00,0x3D8C,0x4FBF,0x29AE,0x4631,0x4E73,0x1064,0x2400
	.hword 0x7FFF,0x3400,0x2C00,0x354A,0x1C00,0x4400,0x2529,0x7328
	.hword 0x6640,0x1042,0x3C00,0x4D00,0x6400,0x5063,0x1842,0x4C00
	.hword 0x1400,0x6B5A,0x2108,0x5C00,0x2021,0x5EF8,0x0421,0x7BB2
	.hword 0x56D6,0x6EC4,0x7FD8,0x39EF,0x24A5,0x2063,0x5E00,0x5160
	.hword 0x0C00,0x31AD,0x10C6,0x44C7,0x6688,0x296B,0x776C,0x42F9
	.hword 0x558D,0x67DF,0x7000,0x4295,0x4652,0x6085,0x1443,0x4EB5
	.hword 0x4863,0x1484,0x1421,0x0C84,0x14E8,0x5120,0x0C42,0x1C40

	.hword 0x5ED6,0x4231,0x0C21,0x2084,0x6F00,0x2042,0x6EEA,0x1929
	.hword 0x7B90,0x3D09,0x6662,0x2929,0x2908,0x3F9F,0x394A,0x3A10
	.hword 0x62F7,0x41AD,0x2CC0,0x28A5,0x7FFA,0x732E,0x7FFE,0x49EF
	.hword 0x31CE,0x5252,0x5B39,0x2DCF,0x1420,0x6F7B,0x216C,0x4ED7
	.hword 0x4A73,0x3CA6,0x3611,0x1863,0x6863,0x1442,0x433C,0x6246
	.hword 0x18A5,0x7BB4,0x3E53,0x398C,0x0021,0x5DE0,0x7792,0x1C21
	.hword 0x57BF,0x732A,0x1CC6,0x4920,0x5EF7,0x7FF6,0x47BF,0x298C
	.hword 0x4695,0x1C84,0x2480,0x4D2A,0x3129,0x294A,0x4520,0x56B5

	.hword 0x58C7,0x6739,0x776E,0x1C42,0x18C6,0x5AD6,0x5463,0x2484
	.hword 0x6FFF,0x4980,0x212A,0x1821,0x0CA5,0x396B,0x24C6,0x34C0
	.hword 0x50C7,0x4B19,0x4E31,0x4E94,0x52B5,0x2CE7,0x4A10,0x2421
	.hword 0x258D,0x4A52,0x2D08,0x739C,0x1884,0x2463,0x41CE,0x356B
	.hword 0x20E7,0x3108,0x4064,0x2442,0x39CE,0x28C6,0x2D6B,0x35AD
	.hword 0x4A95,0x3DEF,0x4210,0x4253,0x6339,0x4E53,0x31F0,0x1440
	.hword 0x0842,0x4674,0x7400,0x1485,0x5AD7,0x0C63,0x2821,0x0422
	.hword 0x0822,0x1084,0x14A5,0x0C64,0x0843,0x1063,0x1463,0x6318

@}}BLOCK(screen2n_bn_gfx)
